Player,Salary,NBA_Country,NBA_DraftNumber,Age,Tm,G,MP,PER,TS%,3PAr,FTr,ORB%,DRB%,TRB%,AST%,STL%,BLK%,TOV%,USG%,OWS,DWS,WS,WS/48,OBPM,DBPM,BPM,VORP
Zhou Qi,815615.00,China,43.00,22.00,HOU,16.00,87.00,0.60,0.30,0.59,0.37,6.50,16.80,11.70,1.50,1.10,6.80,18.20,19.50,-0.40,0.10,-0.20,-0.12,-10.60,0.50,-10.10,-0.20
Zaza Pachulia,3477600.00,Georgia,42.00,33.00,GSW,66.00,937.00,16.80,0.61,0.00,0.34,11.00,25.00,18.50,15.40,1.90,1.30,19.30,17.20,1.70,1.40,3.10,0.16,-0.60,1.30,0.80,0.70
Zach Randolph,12307692.00,USA,19.00,36.00,SAC,59.00,1508.00,17.30,0.53,0.19,0.14,7.00,23.80,15.00,14.90,1.40,0.60,12.50,27.60,0.30,1.10,1.40,0.05,-0.60,-1.30,-1.90,0.00
Zach LaVine,3202217.00,USA,13.00,22.00,CHI,24.00,656.00,14.60,0.50,0.35,0.30,1.40,14.40,7.70,18.60,1.80,0.50,9.70,29.50,-0.10,0.50,0.40,0.03,-0.70,-2.00,-2.60,-0.10
Zach Collins,3057240.00,USA,10.00,20.00,POR,62.00,979.00,8.20,0.49,0.39,0.15,4.90,18.30,11.70,7.30,0.80,2.50,15.60,15.50,-0.40,1.20,0.80,0.04,-3.70,0.90,-2.90,-0.20
Yogi Ferrell,1312611.00,USA,62.00,24.00,DAL,79.00,2238.00,11.50,0.54,0.49,0.14,1.30,11.30,6.10,13.30,1.40,0.30,9.10,17.00,1.60,1.60,3.10,0.07,-0.40,-0.50,-0.90,0.60
Xavier Silas,74159.00,USA,62.00,30.00,BOS,2.00,7.00,-4.90,0.00,0.67,0.00,15.90,15.40,15.70,0.00,7.20,0.00,0.00,19.20,-0.10,0.00,0.00,-0.25,-12.60,-0.70,-13.30,0.00
Xavier Rathan-Mayes,46080.00,Canada,62.00,23.00,MEM,5.00,118.00,0.90,0.32,0.33,0.21,0.00,5.00,2.50,23.20,2.60,2.40,19.30,21.70,-0.50,0.10,-0.40,-0.17,-8.70,-1.90,-10.60,-0.30
Wilson Chandler,12016854.00,USA,23.00,30.00,DEN,70.00,2200.00,11.10,0.54,0.39,0.19,5.00,14.00,9.50,9.70,0.90,1.40,12.00,14.60,2.00,1.00,3.10,0.07,-0.40,-0.60,-1.00,0.50
Willy Hernangomez,1435750.00,Spain,35.00,23.00,TOT,45.00,430.00,20.60,0.59,0.08,0.56,13.60,25.20,19.30,11.00,1.80,2.80,15.40,21.70,0.80,0.60,1.40,0.16,-0.10,0.60,0.50,0.30
Willie Reed,1577230.00,USA,62.00,27.00,TOT,42.00,428.00,19.20,0.67,0.02,0.46,9.10,21.70,15.50,3.60,1.00,4.30,11.60,16.60,1.00,0.50,1.60,0.18,-0.80,0.00,-0.80,0.10
Willie Cauley-Stein,3704160.00,USA,6.00,24.00,SAC,70.00,1943.00,17.10,0.52,0.02,0.32,7.20,21.70,14.10,13.50,1.90,3.10,11.30,21.60,1.30,2.00,3.30,0.08,-1.60,1.60,0.00,1.00
Will Barton,3533333.00,USA,40.00,27.00,DEN,77.00,2530.00,15.90,0.56,0.41,0.22,2.90,14.20,8.60,18.50,1.60,1.60,11.80,20.50,3.90,1.70,5.60,0.11,1.40,-0.60,0.80,1.80
Wesley Matthews,17884176.00,USA,62.00,31.00,DAL,63.00,2131.00,11.40,0.54,0.58,0.15,1.40,9.10,5.20,12.30,1.80,0.70,10.10,17.60,1.00,1.70,2.70,0.06,0.20,-0.10,0.20,1.20
Wesley Johnson,5881260.00,USA,4.00,30.00,LAC,70.00,1422.00,9.80,0.51,0.48,0.16,2.10,14.00,8.10,5.30,2.50,3.60,12.60,13.00,-0.10,1.80,1.70,0.06,-2.20,2.50,0.30,0.80
Wesley Iwundu,1050000.00,USA,33.00,23.00,ORL,58.00,902.00,7.60,0.46,0.21,0.22,4.00,11.80,7.90,7.90,1.70,1.00,11.60,11.80,-0.10,0.60,0.50,0.03,-4.00,0.40,-3.60,-0.40
Wayne Selden,1312611.00,USA,62.00,23.00,MEM,35.00,692.00,11.80,0.55,0.45,0.22,2.60,6.90,4.70,16.10,1.30,0.70,15.50,22.70,0.10,0.20,0.40,0.03,-0.70,-3.20,-4.00,-0.30
Wayne Ellington,6270000.00,USA,28.00,30.00,MIA,74.00,1962.00,12.10,0.58,0.83,0.11,1.20,10.90,6.10,6.00,1.30,0.30,6.90,17.30,2.30,1.90,4.10,0.10,1.60,-1.70,-0.10,0.90
Wade Baldwin,1874400.00,USA,17.00,21.00,POR,4.00,29.00,17.00,0.73,0.14,1.29,0.00,18.60,9.40,10.70,0.00,0.00,15.40,19.60,0.10,0.00,0.10,0.18,-0.60,-2.60,-3.10,0.00
Vince Hunter,50000.00,USA,62.00,23.00,MEM,4.00,7.00,35.90,0.60,0.00,0.00,32.30,17.00,24.80,0.00,0.00,13.40,16.70,38.50,0.00,0.00,0.00,0.10,-3.10,-5.80,-9.00,0.00
Vince Carter,8000000.00,USA,5.00,41.00,SAC,55.00,971.00,10.60,0.52,0.58,0.13,1.90,14.90,8.10,9.30,2.10,2.50,10.70,14.70,0.20,0.80,1.00,0.05,-1.60,0.40,-1.30,0.20
Victor Oladipo,21000000.00,USA,2.00,25.00,IND,72.00,2471.00,23.10,0.58,0.32,0.28,2.10,15.10,8.70,21.00,3.40,2.00,12.60,30.20,4.20,3.80,8.00,0.16,3.50,1.20,4.70,4.20
Vander Blue,50000.00,USA,62.00,25.00,LAL,5.00,45.00,-1.80,0.26,0.40,0.40,0.00,2.40,1.20,8.10,1.10,0.00,33.80,8.40,-0.10,0.00,-0.10,-0.10,-8.70,-1.40,-10.10,-0.10
Udonis Haslem,2328652.00,USA,62.00,37.00,MIA,14.00,72.00,1.80,0.25,0.53,0.13,4.70,10.90,7.80,9.20,0.00,2.40,11.20,11.20,-0.10,0.10,-0.10,-0.06,-7.20,-0.40,-7.50,-0.10
Tyus Jones,1471382.00,USA,24.00,21.00,MIN,78.00,1404.00,14.10,0.57,0.37,0.25,1.30,9.40,5.30,20.90,3.20,0.40,13.90,12.70,2.30,1.10,3.40,0.12,0.80,-0.30,0.50,0.90
Tyson Chandler,13000000.00,USA,2.00,35.00,PHO,46.00,1151.00,14.30,0.66,0.00,0.50,12.20,26.90,19.40,6.60,0.70,1.90,20.50,10.60,1.90,0.80,2.60,0.11,-1.40,1.00,-0.40,0.50
Tyreke Evans,3290000.00,USA,4.00,28.00,MEM,52.00,1607.00,21.20,0.56,0.35,0.26,3.10,16.30,9.50,31.50,1.80,1.00,11.50,28.50,3.00,1.20,4.30,0.13,4.50,-0.70,3.70,2.30
Tyler Zeller,1709538.00,USA,17.00,28.00,TOT,62.00,1025.00,15.90,0.59,0.09,0.24,11.00,19.60,15.20,6.80,0.70,2.50,11.30,17.00,1.70,0.80,2.50,0.12,-1.30,-0.50,-1.80,0.00
Tyler Ulis,1312611.00,USA,34.00,22.00,PHO,68.00,1563.00,9.70,0.46,0.27,0.18,1.50,6.80,4.10,27.50,2.00,0.30,17.60,18.20,-0.80,0.50,-0.40,-0.01,-3.00,-2.30,-5.40,-1.30
Tyler Lydon,1579440.00,USA,24.00,21.00,DEN,1.00,2.00,0.00,,,,0.00,0.00,0.00,0.00,0.00,0.00,,0.00,0.00,0.00,0.00,-0.02,-5.60,-0.90,-6.50,0.00
Tyler Johnson,5881260.00,USA,62.00,25.00,MIA,69.00,1964.00,13.00,0.55,0.46,0.19,1.80,11.50,6.60,12.30,1.40,1.40,9.40,18.60,1.90,2.20,4.00,0.10,-0.10,-0.20,-0.40,0.80
Tyler Ennis,1524305.00,Canada,18.00,23.00,LAL,50.00,584.00,10.40,0.46,0.27,0.11,2.90,11.60,7.30,21.90,1.90,1.40,13.40,16.30,0.00,0.60,0.60,0.05,-3.10,-0.20,-3.30,-0.20
Tyler Dorsey,815615.00,USA,41.00,21.00,ATL,53.00,897.00,9.30,0.48,0.52,0.16,2.10,13.20,7.70,13.20,0.90,0.40,8.80,20.00,-0.20,0.40,0.10,0.01,-2.20,-2.40,-4.60,-0.60
Tyler Cavanaugh,679919.00,USA,62.00,23.00,ATL,39.00,518.00,13.00,0.57,0.59,0.14,9.70,17.70,13.70,7.90,0.80,0.70,8.00,14.80,0.90,0.30,1.20,0.11,0.50,-1.50,-1.00,0.10
Troy Williams,1471382.00,USA,62.00,23.00,TOT,21.00,307.00,15.20,0.54,0.35,0.28,8.00,14.80,11.40,7.80,3.20,1.10,13.50,20.10,0.20,0.40,0.50,0.09,-0.10,0.10,0.00,0.20
Troy Daniels,3408520.00,USA,62.00,26.00,PHO,78.00,1609.00,10.00,0.59,0.80,0.11,0.80,7.70,4.20,4.60,0.70,0.30,8.30,17.20,1.50,0.00,1.50,0.05,0.80,-3.70,-2.80,-0.30
Tristan Thompson,16400000.00,Canada,4.00,26.00,CLE,49.00,1017.00,13.70,0.57,0.00,0.35,13.30,23.60,18.50,4.20,0.80,1.40,12.20,12.50,1.70,0.70,2.40,0.12,-1.60,-0.70,-2.30,-0.10
Trey McKinney-Jones,46080.00,USA,62.00,27.00,IND,1.00,1.00,0.00,,,,0.00,0.00,0.00,0.00,0.00,0.00,,0.00,0.00,0.00,0.00,0.00,-5.70,-0.10,-5.90,0.00
Trey Lyles,2441400.00,USA,12.00,22.00,DEN,70.00,1366.00,18.00,0.59,0.40,0.27,4.50,23.80,14.20,10.10,1.10,2.10,9.00,21.20,2.60,1.20,3.80,0.13,0.60,-1.40,-0.80,0.40
Trey Burke,784160.00,USA,9.00,25.00,NYK,32.00,648.00,22.80,0.58,0.26,0.13,2.10,8.00,5.10,38.10,1.50,0.50,8.80,25.90,2.00,0.30,2.30,0.17,5.30,-3.30,2.00,0.70
Trevor Booker,9125000.00,USA,23.00,30.00,TOT,64.00,1085.00,14.80,0.56,0.09,0.28,10.80,18.70,14.80,11.00,1.20,1.50,14.10,16.50,1.50,1.20,2.70,0.12,-1.10,0.60,-0.50,0.40
Trevor Ariza,7420912.00,USA,43.00,32.00,HOU,64.00,2179.00,12.10,0.57,0.71,0.14,1.70,13.00,7.40,6.90,2.10,0.50,7.00,14.40,2.70,2.60,5.30,0.12,1.00,0.60,1.70,2.00
Treveon Graham,1312611.00,USA,62.00,24.00,CHO,63.00,1050.00,9.00,0.55,0.44,0.27,4.20,8.30,6.20,7.90,1.50,0.20,9.90,11.30,1.00,0.70,1.70,0.08,-0.60,-0.40,-1.00,0.30
Travis Wear,148318.00,USA,62.00,27.00,LAL,13.00,172.00,9.80,0.56,0.72,0.14,0.00,18.50,9.30,3.30,0.80,1.90,6.20,15.90,0.10,0.20,0.30,0.09,-2.00,-1.90,-4.00,-0.10
Tony Snell,9821429.00,USA,20.00,26.00,MIL,71.00,1955.00,8.40,0.58,0.63,0.12,0.50,7.30,4.00,6.50,1.20,1.10,7.70,10.50,1.60,0.70,2.30,0.06,-0.40,-1.30,-1.70,0.20
Tony Parker,15453126.00,France,28.00,35.00,SAS,52.00,1020.00,13.10,0.50,0.09,0.20,0.60,9.30,4.90,29.00,1.40,0.10,13.40,20.60,0.40,1.10,1.50,0.07,-2.10,-1.60,-3.80,-0.50
Tony Bradley,1414920.00,USA,28.00,20.00,UTA,9.00,29.00,9.50,0.34,0.09,0.18,15.90,27.20,21.60,5.00,0.00,0.00,0.00,18.50,0.00,0.00,0.00,0.03,-6.60,-3.10,-9.70,-0.10
Tony Allen,2116955.00,USA,25.00,36.00,NOP,22.00,273.00,8.70,0.51,0.13,0.23,8.20,10.40,9.40,4.60,1.90,0.90,15.90,18.90,-0.20,0.20,0.10,0.02,-3.90,-1.30,-5.20,-0.20
Tomas Satoransky,3000000.00,Czech Republic,32.00,26.00,WAS,69.00,1535.00,15.40,0.62,0.27,0.27,4.70,11.00,7.80,25.10,1.60,0.80,16.40,13.70,3.50,1.20,4.70,0.15,1.30,-0.30,1.00,1.20
Tobias Harris,16000000.00,USA,19.00,25.00,TOT,76.00,2546.00,17.40,0.57,0.37,0.18,2.40,15.60,8.90,11.60,1.30,1.10,7.20,23.20,4.30,2.50,6.70,0.13,1.70,-0.70,1.00,1.90
Timothe Luwawu-Cabarrot,1386600.00,France,24.00,22.00,PHI,52.00,807.00,7.00,0.51,0.59,0.22,1.90,7.50,4.80,9.40,0.70,0.50,11.50,17.50,0.10,0.70,0.80,0.05,-2.30,-2.40,-4.60,-0.50
Timofey Mozgov,15280000.00,Russia,62.00,31.00,BRK,28.00,339.00,10.20,0.59,0.21,0.29,8.70,18.70,13.60,3.60,0.70,2.40,24.40,16.20,-0.10,0.30,0.20,0.03,-4.80,-0.60,-5.40,-0.30
Tim Hardaway,16500000.00,USA,24.00,25.00,NYK,56.00,1856.00,14.40,0.53,0.48,0.21,1.90,11.20,6.60,12.50,1.60,0.50,9.00,23.80,1.50,1.00,2.50,0.07,1.60,-1.90,-0.20,0.80
Tim Frazier,2000000.00,USA,62.00,27.00,WAS,56.00,807.00,11.20,0.48,0.34,0.18,2.50,12.70,7.70,31.40,2.60,0.80,23.70,12.70,0.40,0.90,1.30,0.08,-2.30,0.10,-2.20,0.00
Thon Maker,2684160.00,South Sudan,10.00,20.00,MIL,71.00,1205.00,10.50,0.50,0.33,0.29,7.30,14.40,10.90,5.30,1.60,3.70,10.80,14.60,0.40,1.10,1.50,0.06,-2.50,0.10,-2.40,-0.10
Thomas Bryant,815615.00,USA,42.00,20.00,LAL,11.00,34.00,7.70,0.47,0.56,0.67,3.20,15.60,9.40,7.80,0.00,0.00,7.90,15.80,0.00,0.00,0.00,0.04,-3.80,-3.30,-7.10,0.00
Thaddeus Young,14796348.00,USA,12.00,29.00,IND,78.00,2544.00,14.70,0.53,0.21,0.10,7.90,14.10,11.10,8.40,2.50,1.20,10.50,17.30,2.10,3.10,5.20,0.10,0.10,1.30,1.40,2.20
Thabo Sefolosha,5250000.00,Switzerland,13.00,33.00,UTA,38.00,806.00,15.90,0.59,0.35,0.23,4.10,18.50,11.40,6.40,3.20,1.30,10.20,16.40,1.00,1.60,2.60,0.15,-0.30,2.20,1.80,0.80
Terry Rozier,1988520.00,USA,16.00,23.00,BOS,77.00,1980.00,15.40,0.52,0.50,0.19,3.40,16.20,9.90,17.00,2.00,0.70,8.00,20.50,2.30,3.30,5.60,0.14,1.00,1.00,2.00,2.00
Terrence Ross,10500000.00,USA,8.00,26.00,ORL,22.00,576.00,10.30,0.52,0.48,0.20,1.90,11.60,6.70,8.90,2.30,1.20,11.50,16.60,-0.10,0.50,0.50,0.04,-1.80,0.10,-1.70,0.00
Terrance Ferguson,1785000.00,USA,21.00,19.00,OKC,59.00,728.00,7.00,0.53,0.69,0.06,2.80,3.90,3.30,3.20,1.60,1.20,6.30,10.30,0.50,0.50,1.10,0.07,-1.50,-1.30,-2.80,-0.10
Taurean Waller-Prince,2422560.00,USA,12.00,23.00,ATL,79.00,2359.00,12.30,0.54,0.46,0.18,2.20,15.40,8.80,13.40,1.70,1.50,15.50,21.70,-0.30,1.90,1.60,0.03,-1.10,0.00,-1.10,0.50
Tarik Black,3290000.00,USA,62.00,26.00,HOU,48.00,474.00,14.90,0.59,0.08,0.48,14.40,19.90,17.10,3.80,2.10,4.70,18.70,15.90,0.60,0.90,1.40,0.14,-2.60,2.00,-0.50,0.20
Taj Gibson,14000000.00,USA,26.00,32.00,MIN,78.00,2613.00,15.40,0.62,0.05,0.25,8.00,16.50,12.20,5.30,1.10,1.80,9.90,14.60,5.30,1.50,6.80,0.12,1.00,0.10,1.20,2.10
T.J. Warren,3152931.00,USA,14.00,24.00,PHO,65.00,2142.00,17.70,0.54,0.09,0.24,6.10,10.60,8.30,7.20,1.50,1.50,6.70,24.90,2.70,0.80,3.50,0.08,-0.10,-1.80,-1.90,0.10
T.J. McConnell,1471382.00,USA,62.00,25.00,PHI,72.00,1651.00,12.30,0.55,0.15,0.10,2.40,11.50,7.10,24.70,2.60,0.60,20.80,13.80,1.20,2.40,3.60,0.11,-1.90,1.10,-0.70,0.50
T.J. Leaf,2028360.00,USA,18.00,20.00,IND,50.00,428.00,10.50,0.55,0.32,0.10,6.90,13.40,10.20,2.60,0.60,0.80,7.30,14.20,0.50,0.30,0.70,0.08,-1.90,-2.70,-4.70,-0.30
Steven Adams,22471910.00,New Zealand,12.00,24.00,OKC,73.00,2390.00,20.80,0.63,0.00,0.40,16.90,13.90,15.50,5.50,1.90,2.90,13.30,16.70,6.40,2.90,9.30,0.19,2.20,1.20,3.40,3.30
Sterling Brown,815615.00,USA,46.00,22.00,MIL,51.00,728.00,9.50,0.51,0.44,0.13,4.20,17.60,10.90,4.60,2.10,1.30,10.60,14.00,0.10,0.70,0.80,0.05,-2.80,-1.00,-3.80,-0.30
Stephen Curry,34682550.00,USA,7.00,29.00,GSW,51.00,1631.00,28.20,0.68,0.58,0.35,2.70,14.40,8.90,30.20,2.40,0.40,13.30,31.00,7.20,1.90,9.20,0.27,9.80,-1.20,8.60,4.40
Stanley Johnson,3097800.00,USA,8.00,21.00,DET,65.00,1773.00,9.10,0.48,0.42,0.26,1.80,13.20,7.40,8.20,2.60,0.60,11.30,16.40,-0.60,2.30,1.80,0.05,-2.60,1.20,-1.40,0.30
Spencer Dinwiddie,1524305.00,USA,38.00,24.00,BRK,77.00,2217.00,16.00,0.53,0.51,0.32,1.90,10.30,6.10,35.10,1.40,0.80,11.60,20.30,4.20,1.30,5.50,0.12,2.10,-1.70,0.40,1.30
Solomon Hill,12236535.00,USA,23.00,26.00,NOP,8.00,127.00,6.80,0.39,0.56,0.13,4.40,12.40,8.60,16.90,1.50,0.60,12.90,13.20,-0.10,0.10,0.00,0.01,-3.10,-0.50,-3.60,-0.10
Skal Labissiere,1312611.00,Haiti,28.00,21.00,SAC,60.00,1240.00,14.30,0.51,0.11,0.26,8.70,18.20,13.20,9.10,1.00,3.70,12.50,21.10,0.40,0.90,1.30,0.05,-2.70,0.00,-2.70,-0.20
Sindarius Thornwell,815615.00,USA,48.00,23.00,LAC,69.00,1059.00,8.10,0.52,0.26,0.38,3.20,10.10,6.70,7.00,2.10,1.80,15.50,11.60,0.10,0.90,1.00,0.05,-2.60,1.20,-1.40,0.20
Shelvin Mack,6000000.00,USA,34.00,27.00,ORL,65.00,1283.00,13.70,0.53,0.33,0.24,1.90,11.90,6.80,29.30,1.90,0.50,16.40,17.50,1.10,1.00,2.00,0.08,-1.00,-1.20,-2.20,-0.10
Shaun Livingston,7692308.00,USA,4.00,32.00,GSW,68.00,1081.00,11.60,0.54,0.01,0.18,3.60,8.90,6.40,16.50,1.50,1.50,13.80,16.50,0.90,1.00,1.80,0.08,-2.50,-0.80,-3.30,-0.40
Shaquille Harrison,92160.00,USA,62.00,24.00,PHO,20.00,291.00,15.20,0.53,0.22,0.35,2.50,16.50,9.40,18.10,3.50,1.90,12.70,18.30,0.20,0.30,0.60,0.09,-1.30,1.50,0.20,0.20
Shane Larkin,1524305.00,USA,18.00,25.00,BOS,50.00,686.00,10.20,0.51,0.39,0.17,2.00,10.10,6.10,16.30,1.80,0.20,12.20,15.50,0.30,0.90,1.30,0.09,-2.30,0.00,-2.40,-0.10
Shabazz Napier,2361360.00,USA,24.00,26.00,POR,70.00,1455.00,14.50,0.55,0.41,0.27,1.80,9.90,5.90,15.10,2.70,0.80,13.80,19.50,1.30,1.90,3.20,0.11,0.00,0.40,0.40,0.90
Shabazz Muhammad,1577230.00,USA,14.00,25.00,TOT,41.00,385.00,14.40,0.50,0.15,0.23,6.00,14.00,10.00,6.40,1.20,0.70,3.10,22.30,0.30,0.20,0.50,0.06,-2.00,-3.80,-5.80,-0.40
Serge Ibaka,20061729.00,Democratic Re_,24.00,28.00,TOR,73.00,2010.00,14.50,0.57,0.38,0.16,4.30,21.20,12.90,4.40,0.70,3.70,9.60,19.40,1.90,2.80,4.80,0.11,-0.90,0.50,-0.40,0.80
Semi Ojeleye,1291892.00,USA,37.00,23.00,BOS,69.00,1049.00,4.00,0.45,0.69,0.25,3.70,11.00,7.40,2.40,1.00,0.20,10.80,8.70,-0.30,1.20,0.90,0.04,-3.80,0.30,-3.50,-0.40
Sean Kilpatrick,1524305.00,USA,62.00,28.00,TOT,48.00,537.00,9.50,0.48,0.50,0.24,0.60,14.90,7.70,11.50,0.80,0.60,10.30,24.60,-0.50,0.30,-0.20,-0.02,-3.70,-3.80,-7.50,-0.70
Scotty Hopson,74159.00,USA,62.00,28.00,DAL,1.00,8.00,-4.60,0.27,0.00,2.00,0.00,0.00,0.00,15.80,0.00,0.00,34.70,16.40,0.00,0.00,0.00,-0.24,-14.80,-5.90,-20.70,0.00
Sam Dekker,1794600.00,USA,18.00,23.00,LAC,69.00,817.00,11.10,0.53,0.25,0.22,5.20,15.50,10.40,6.00,1.30,0.90,10.30,15.50,0.40,0.60,1.10,0.06,-2.40,-0.90,-3.30,-0.30
Salah Mejri,1471382.00,Tunisia,62.00,31.00,DAL,61.00,729.00,17.80,0.64,0.02,0.48,12.60,25.30,18.80,7.20,1.50,8.20,19.00,12.80,1.30,1.30,2.70,0.18,-2.10,5.40,3.20,1.00
Ryan Anderson,19578455.00,USA,21.00,29.00,HOU,66.00,1725.00,12.60,0.59,0.71,0.19,6.20,15.40,10.80,5.10,0.70,1.00,7.50,14.40,3.10,1.60,4.70,0.13,1.10,-0.80,0.20,1.00
Russell Westbrook,28530608.00,USA,4.00,29.00,OKC,77.00,2801.00,25.00,0.53,0.19,0.34,5.40,25.30,15.00,49.40,2.50,0.60,16.40,34.30,5.50,4.30,9.80,0.17,5.20,3.00,8.20,7.20
Rudy Gobert,21974719.00,France,27.00,25.00,UTA,52.00,1702.00,20.90,0.66,0.00,0.68,10.30,27.50,19.00,6.70,1.20,6.10,15.50,16.90,4.00,3.60,7.60,0.21,-0.30,4.50,4.20,2.70
Rudy Gay,8406000.00,USA,8.00,31.00,SAS,54.00,1160.00,17.80,0.55,0.22,0.27,6.70,19.50,13.10,9.50,1.90,2.60,11.60,24.50,0.90,2.00,2.90,0.12,-0.80,1.00,0.20,0.60
Royce O'Neale,815615.00,USA,62.00,24.00,UTA,65.00,1052.00,10.40,0.52,0.41,0.27,2.70,20.20,11.50,12.30,1.70,1.20,15.10,14.80,0.30,1.70,1.90,0.09,-2.70,1.70,-1.10,0.20
Rondae Hollis-Jefferson,1471382.00,USA,23.00,23.00,BRK,64.00,1811.00,17.30,0.55,0.07,0.44,5.80,19.80,12.70,14.20,1.60,1.70,11.50,22.60,2.30,1.80,4.10,0.11,-1.10,0.90,-0.20,0.80
Ron Baker,4328000.00,USA,62.00,24.00,NYK,29.00,385.00,9.30,0.50,0.56,0.44,1.40,7.20,4.30,15.50,3.30,1.40,20.40,10.00,0.10,0.40,0.50,0.06,-1.90,0.90,-1.00,0.10
Rodney Purvis,92160.00,USA,62.00,23.00,ORL,12.00,203.00,4.10,0.43,0.58,0.13,0.00,8.20,4.10,7.10,0.70,1.20,9.60,18.00,-0.30,0.10,-0.30,-0.06,-5.00,-2.70,-7.70,-0.30
Rodney McGruder,1312611.00,USA,62.00,26.00,MIA,15.00,258.00,12.40,0.62,0.48,0.09,3.50,8.30,5.90,6.90,1.60,0.70,5.70,12.30,0.40,0.30,0.70,0.13,0.30,-0.60,-0.30,0.10
Rodney Hood,2386864.00,USA,23.00,25.00,TOT,58.00,1576.00,14.40,0.55,0.45,0.16,1.60,9.80,5.80,9.70,1.40,0.60,8.10,24.60,1.10,1.40,2.50,0.08,0.20,-2.20,-2.10,0.00
Robin Lopez,13788500.00,USA,15.00,29.00,CHI,64.00,1690.00,14.70,0.55,0.02,0.14,8.20,10.20,9.20,12.30,0.40,2.80,13.50,20.40,1.20,0.80,2.00,0.06,-1.60,-0.20,-1.90,0.10
Robert Covington,16698103.00,USA,62.00,27.00,PHI,76.00,2408.00,12.80,0.56,0.66,0.16,2.50,15.30,9.10,8.70,2.60,2.20,12.30,17.50,1.50,4.20,5.70,0.11,0.40,2.00,2.40,2.70
Ricky Rubio,14275000.00,Spain,5.00,27.00,UTA,73.00,2185.00,15.00,0.53,0.33,0.31,2.20,15.20,8.80,28.30,2.60,0.40,18.30,22.80,1.20,3.50,4.70,0.10,-0.10,1.50,1.30,1.80
Richaun Holmes,1471382.00,USA,37.00,24.00,PHI,44.00,668.00,16.80,0.57,0.14,0.24,8.60,22.00,15.50,12.80,1.30,3.20,8.40,16.70,1.30,1.10,2.40,0.18,-0.50,1.90,1.40,0.60
Richard Jefferson,2500000.00,USA,13.00,37.00,DEN,20.00,163.00,6.30,0.50,0.26,0.26,1.40,10.40,5.90,12.00,0.60,0.50,14.30,9.30,0.10,0.00,0.10,0.03,-3.80,-2.10,-5.90,-0.20
Reggie Jackson,16000000.00,USA,24.00,27.00,DET,41.00,1084.00,15.50,0.52,0.29,0.23,2.70,9.30,5.90,32.10,1.10,0.30,14.30,27.40,0.70,0.90,1.60,0.07,0.50,-2.10,-1.60,0.10
Reggie Bullock,2500000.00,USA,25.00,26.00,DET,62.00,1732.00,13.60,0.62,0.52,0.09,1.70,8.30,4.90,8.40,1.40,0.70,7.60,15.70,2.80,1.50,4.30,0.12,1.30,-0.60,0.70,1.20
Raymond Felton,2328652.00,USA,5.00,33.00,OKC,79.00,1324.00,13.20,0.49,0.41,0.08,2.00,11.10,6.40,22.90,1.80,1.00,11.50,20.40,0.90,1.30,2.20,0.08,-1.10,-1.80,-2.80,-0.30
Raul Neto,1471382.00,Brazil,47.00,25.00,UTA,39.00,478.00,12.30,0.55,0.31,0.22,1.70,9.40,5.60,23.20,1.20,0.70,16.50,18.30,0.40,0.50,0.90,0.09,-1.70,-1.30,-3.10,-0.10
Rashad Vaughn,1889040.00,USA,17.00,21.00,TOT,28.00,212.00,9.30,0.55,0.66,0.11,1.60,9.90,5.80,8.70,1.20,1.20,9.30,13.80,0.10,0.10,0.20,0.05,-1.90,-2.90,-4.70,-0.10
Ramon Sessions,2328652.00,USA,56.00,31.00,TOT,27.00,391.00,10.80,0.47,0.22,0.48,1.70,9.10,5.50,26.50,1.80,0.40,17.60,19.20,0.00,0.30,0.30,0.03,-3.20,-2.00,-5.20,-0.30
Rajon Rondo,3300000.00,USA,21.00,31.00,NOP,61.00,1591.00,14.90,0.52,0.30,0.09,2.00,14.40,8.40,41.60,1.80,0.50,22.60,16.80,1.70,1.50,3.20,0.10,-0.60,-0.90,-1.50,0.20
Quinn Cook,100000.00,USA,62.00,24.00,GSW,29.00,597.00,13.40,0.60,0.41,0.10,1.60,10.10,6.20,16.70,0.90,0.10,10.80,17.70,1.00,0.40,1.40,0.11,0.70,-2.70,-2.00,0.00
Quincy Pondexter,3853931.00,USA,26.00,29.00,CHI,23.00,196.00,4.00,0.40,0.45,0.35,4.20,10.70,7.40,6.30,2.00,0.90,16.30,15.00,-0.30,0.10,-0.20,-0.05,-6.10,-0.60,-6.60,-0.20
Quincy Acy,1709538.00,USA,37.00,27.00,BRK,66.00,1270.00,7.50,0.51,0.80,0.17,3.10,17.20,10.10,5.90,1.10,1.60,14.10,14.30,-0.40,1.00,0.60,0.02,-2.50,-0.30,-2.80,-0.20
Paul Zipser,1312611.00,Germany,48.00,23.00,CHI,54.00,824.00,5.20,0.44,0.47,0.11,1.60,15.90,8.50,8.00,1.20,1.60,14.90,15.20,-1.20,0.60,-0.60,-0.03,-5.50,-0.30,-5.80,-0.80
Paul Millsap,31269231.00,USA,47.00,32.00,DEN,34.00,1008.00,18.20,0.56,0.26,0.36,6.30,18.30,12.30,14.60,1.90,3.30,12.90,22.40,1.50,1.00,2.50,0.12,0.60,0.80,1.40,0.90
Paul George,19508958.00,USA,10.00,27.00,OKC,76.00,2779.00,18.40,0.57,0.45,0.30,2.70,15.00,8.70,14.70,2.80,1.20,12.30,25.60,4.50,3.80,8.30,0.14,2.30,0.10,2.40,3.10
Pau Gasol,16000000.00,Spain,3.00,37.00,SAS,74.00,1753.00,19.00,0.54,0.19,0.33,7.90,30.30,19.00,20.00,0.60,3.70,13.30,20.70,2.60,3.20,5.80,0.16,-0.20,3.30,3.10,2.30
Patty Mills,10714286.00,Australia,55.00,29.00,SAS,79.00,2018.00,12.10,0.56,0.61,0.18,1.40,7.00,4.10,16.10,1.30,0.50,12.40,17.80,2.10,2.10,4.20,0.10,1.00,-1.30,-0.20,0.90
Patrick Patterson,5192000.00,USA,14.00,28.00,OKC,79.00,1234.00,9.70,0.55,0.64,0.17,2.70,14.50,8.40,5.80,1.90,1.70,10.30,10.80,1.00,1.40,2.40,0.09,-1.80,0.30,-1.50,0.20
Patrick McCaw,1312611.00,USA,38.00,22.00,GSW,57.00,961.00,7.40,0.48,0.36,0.15,2.00,7.10,4.80,10.60,2.20,0.80,14.60,12.80,-0.30,0.90,0.60,0.03,-2.90,-0.40,-3.30,-0.30
Patrick Beverley,5513514.00,USA,42.00,29.00,LAC,11.00,334.00,12.30,0.53,0.50,0.14,5.40,9.40,7.40,13.80,2.60,1.20,16.50,19.60,0.10,0.30,0.40,0.06,0.40,0.30,0.70,0.20
Pat Connaughton,1471382.00,USA,41.00,25.00,POR,78.00,1432.00,9.30,0.54,0.54,0.11,2.60,9.00,5.80,8.90,0.70,1.20,9.30,13.50,1.10,1.20,2.30,0.08,-0.90,-0.60,-1.50,0.20
Pascal Siakam,1312611.00,Cameroon,27.00,23.00,TOR,77.00,1577.00,14.90,0.55,0.27,0.18,5.50,18.80,12.20,13.30,1.90,2.00,11.00,15.90,2.10,2.30,4.50,0.14,0.10,2.10,2.20,1.70
P.J. Tucker,7590035.00,USA,35.00,32.00,HOU,78.00,2170.00,8.40,0.54,0.69,0.15,4.60,17.40,11.00,4.60,1.80,0.90,13.30,10.30,1.00,2.80,3.80,0.08,-1.30,1.50,0.20,1.20
Otto Porter,24773250.00,USA,3.00,24.00,WAS,74.00,2349.00,18.40,0.60,0.36,0.15,4.70,18.00,11.40,10.00,2.40,1.40,7.10,18.40,4.90,3.00,7.90,0.16,2.50,1.10,3.60,3.30
Omri Casspi,2106470.00,Israel,23.00,29.00,GSW,53.00,740.00,15.50,0.63,0.11,0.33,4.90,23.90,15.10,9.50,1.20,2.00,13.50,16.30,1.20,1.00,2.20,0.14,-1.40,0.20,-1.30,0.10
Omer Asik,10595505.00,Turkey,36.00,31.00,NOP,14.00,121.00,4.50,0.42,0.00,0.75,6.50,26.10,16.60,2.00,0.40,1.30,19.00,9.40,-0.10,0.10,0.00,0.01,-7.40,-0.80,-8.20,-0.20
Okaro White,1312611.00,USA,62.00,25.00,MIA,6.00,80.00,8.90,0.58,0.69,0.19,4.20,11.20,7.70,3.50,0.60,1.10,5.50,10.30,0.10,0.10,0.20,0.10,-1.50,-1.30,-2.80,0.00
OG Anunoby,1645200.00,United Kingdo...,23.00,20.00,TOR,70.00,1389.00,9.50,0.58,0.57,0.18,3.30,9.90,6.60,5.20,1.80,0.60,10.80,12.30,1.10,1.50,2.60,0.09,0.00,0.30,0.30,0.80
Norman Powell,1471382.00,USA,46.00,24.00,TOR,66.00,1003.00,8.40,0.50,0.49,0.11,1.50,10.80,6.20,11.50,1.60,1.20,14.50,18.90,-0.60,1.10,0.50,0.03,-2.50,-0.50,-3.00,-0.30
Noah Vonleh,3505233.00,USA,9.00,22.00,TOT,54.00,875.00,12.80,0.51,0.28,0.25,8.60,30.10,19.20,5.70,1.10,1.60,10.70,14.50,0.50,1.20,1.70,0.09,-3.40,0.30,-3.10,-0.20
Nikola Vucevic,12250000.00,Montenegro,16.00,27.00,ORL,54.00,1619.00,19.70,0.54,0.25,0.12,6.60,27.60,17.00,19.30,1.60,2.90,11.10,25.90,1.30,2.20,3.50,0.10,0.60,2.00,2.60,1.90
Nikola Mirotic,12500000.00,Montenegro,23.00,26.00,TOT,51.00,1352.00,17.80,0.57,0.53,0.21,4.10,24.00,14.10,8.70,1.40,2.20,8.00,23.20,1.60,1.50,3.20,0.11,0.90,-0.80,0.10,0.70
Nikola Jokic,1471382.00,Serbia,41.00,22.00,DEN,71.00,2288.00,24.40,0.61,0.28,0.32,9.20,27.70,18.40,29.20,1.80,2.10,15.80,24.10,7.30,2.60,9.90,0.21,4.80,2.10,6.90,5.10
Nik Stauskas,3807146.00,Canada,8.00,24.00,TOT,37.00,459.00,9.10,0.55,0.67,0.17,0.70,12.60,6.60,10.10,0.80,0.50,13.40,15.50,0.10,0.20,0.30,0.04,-2.00,-1.80,-3.90,-0.20
Nigel Hayes,92160.00,USA,62.00,23.00,TOT,6.00,60.00,2.40,0.36,0.61,0.17,1.80,8.00,4.70,11.00,0.00,1.60,9.40,15.70,-0.20,0.00,-0.20,-0.13,-6.00,-4.10,-10.00,-0.10
Nicolas Brussino,1312611.00,Argentina,62.00,24.00,ATL,4.00,10.00,-4.60,0.00,1.00,0.00,0.00,33.50,16.80,0.00,0.00,0.00,0.00,8.70,0.00,0.00,0.00,-0.18,-13.80,-4.80,-18.60,0.00
Nicolas Batum,22434783.00,France,25.00,29.00,CHO,61.00,1918.00,14.30,0.52,0.42,0.20,3.00,13.80,8.30,26.00,1.60,1.00,15.00,18.20,1.60,1.70,3.30,0.08,0.80,0.40,1.20,1.60
Nick Young,5192000.00,USA,16.00,32.00,GSW,76.00,1307.00,10.10,0.56,0.67,0.12,1.80,7.50,4.80,3.50,1.30,0.40,7.30,18.00,0.70,0.90,1.60,0.06,-0.20,-3.40,-3.70,-0.50
Nick Collison,2328652.00,USA,12.00,37.00,OKC,13.00,72.00,13.80,0.67,0.00,0.42,8.90,20.70,14.60,8.60,0.00,0.00,23.70,17.60,0.10,0.00,0.10,0.08,-3.20,-2.80,-6.00,-0.10
Nerlens Noel,4187599.00,USA,6.00,23.00,DAL,30.00,472.00,16.20,0.56,0.01,0.27,11.00,29.10,19.80,6.30,3.30,4.10,18.10,13.80,0.40,1.00,1.30,0.14,-3.40,4.60,1.20,0.40
Nene Hilario,3477600.00,Brazil,7.00,35.00,HOU,50.00,732.00,17.00,0.60,0.01,0.44,8.10,18.50,13.30,9.60,1.80,1.60,11.70,19.00,1.60,1.00,2.60,0.17,-1.20,0.60,-0.60,0.30
Nemanja Bjelica,3949999.00,Serbia,35.00,29.00,MIN,63.00,1286.00,12.90,0.60,0.49,0.13,4.20,19.10,11.60,8.60,1.70,1.00,12.00,14.30,1.70,1.00,2.70,0.10,0.80,-0.20,0.60,0.80
Naz Mitrou-Long,92160.00,Canada,62.00,24.00,UTA,1.00,1.00,134.10,1.50,1.00,0.00,0.00,0.00,0.00,0.00,0.00,0.00,0.00,45.10,0.10,0.00,0.10,2.71,68.70,-14.30,54.40,0.00
Nate Wolters,50000.00,USA,38.00,26.00,UTA,5.00,19.00,-2.90,0.17,0.00,0.00,6.10,5.90,6.00,7.10,0.00,0.00,0.00,14.20,-0.10,0.00,-0.10,-0.14,-10.30,-2.20,-12.50,-0.10
Myles Turner,2569920.00,USA,11.00,21.00,IND,61.00,1761.00,17.60,0.58,0.24,0.33,5.90,20.10,13.10,7.20,1.10,5.70,11.50,20.10,2.60,2.50,5.00,0.14,-0.60,1.90,1.40,1.50
Montrezl Harrell,1471382.00,USA,32.00,24.00,LAC,72.00,1190.00,24.90,0.66,0.01,0.42,9.30,17.10,13.30,9.20,1.30,3.30,9.80,23.80,4.10,1.20,5.30,0.21,2.40,-0.10,2.30,1.30
Mirza Teletovic,10500000.00,Bosnia,62.00,32.00,MIL,10.00,159.00,13.50,0.62,0.79,0.00,2.20,14.80,8.50,9.50,1.30,0.50,10.90,18.20,0.20,0.10,0.30,0.09,1.60,-3.30,-1.70,0.00
Mindaugas Kuzminskas,3025035.00,Lithuania,62.00,28.00,NYK,1.00,2.00,-41.10,0.00,0.00,0.00,0.00,0.00,0.00,0.00,0.00,0.00,0.00,43.60,0.00,0.00,0.00,-1.06,-36.50,-12.70,-49.20,0.00
Milos Teodosic,6000000.00,Serbia,62.00,30.00,LAC,45.00,1134.00,11.70,0.56,0.64,0.13,1.60,10.50,6.10,26.20,1.00,0.40,20.30,18.20,0.90,0.50,1.40,0.06,0.70,-2.00,-1.30,0.20
Miles Plumlee,12500000.00,USA,26.00,29.00,ATL,52.00,888.00,10.70,0.57,0.00,0.33,9.60,18.50,14.00,7.30,0.90,2.90,23.70,13.10,0.10,0.70,0.80,0.04,-3.90,1.40,-2.50,-0.10
Mike Scott,1709538.00,USA,43.00,29.00,WAS,72.00,1320.00,13.70,0.61,0.31,0.14,3.70,15.80,9.80,8.90,0.80,0.70,12.80,19.80,1.40,1.00,2.30,0.09,-0.40,-1.70,-2.20,-0.10
Mike Muscala,5000000.00,USA,44.00,26.00,ATL,50.00,984.00,14.60,0.60,0.53,0.20,6.00,18.30,12.20,7.00,1.50,2.30,11.00,15.80,1.40,0.90,2.30,0.11,0.00,0.20,0.20,0.60
Mike James,87552.00,USA,62.00,27.00,TOT,36.00,687.00,13.90,0.47,0.31,0.26,2.00,12.20,7.00,29.50,2.00,0.80,12.00,25.10,-0.10,0.30,0.20,0.02,-0.80,-1.80,-2.70,-0.10
Mike Conley,28530608.00,USA,4.00,30.00,MEM,12.00,373.00,15.50,0.52,0.46,0.39,0.00,8.60,4.20,22.30,1.60,0.80,8.40,25.90,0.40,0.20,0.60,0.08,1.20,-3.40,-2.20,0.00
Michael Kidd-Gilchrist,13000000.00,USA,2.00,24.00,CHO,71.00,1778.00,12.60,0.53,0.00,0.30,4.90,13.20,9.00,6.00,1.30,1.50,7.60,16.40,1.60,1.50,3.10,0.08,-2.10,0.30,-1.80,0.10
Michael Carter-Williams,2700000.00,USA,11.00,26.00,CHO,52.00,835.00,10.90,0.45,0.26,0.39,4.70,13.40,8.90,19.50,2.60,2.30,16.20,16.60,-0.20,1.10,0.80,0.05,-2.60,2.00,-0.70,0.30
Michael Beasley,2116955.00,USA,2.00,29.00,NYK,70.00,1582.00,17.70,0.56,0.10,0.20,6.30,21.50,13.90,12.40,1.00,2.20,14.10,26.80,0.90,1.40,2.20,0.07,-1.10,-0.60,-1.70,0.10
Meyers Leonard,9904495.00,USA,11.00,25.00,POR,30.00,237.00,16.80,0.66,0.33,0.14,5.10,24.20,14.80,10.60,1.30,0.00,11.60,16.00,0.60,0.30,0.90,0.18,0.60,-0.30,0.30,0.10
Maxi Kleber,815615.00,Germany,62.00,26.00,DAL,69.00,1155.00,12.90,0.57,0.41,0.20,6.30,14.80,10.40,6.10,1.10,3.40,7.90,13.50,1.50,1.20,2.60,0.11,-1.20,1.20,0.00,0.60
Maurice Harkless,10162922.00,USA,15.00,24.00,POR,59.00,1264.00,12.60,0.60,0.40,0.20,4.00,9.90,7.00,6.00,1.90,2.80,11.00,12.60,1.60,1.60,3.20,0.12,-0.20,2.00,1.80,1.20
Matthew Dellavedova,9607500.00,Australia,62.00,27.00,MIL,37.00,702.00,8.70,0.51,0.52,0.17,2.20,8.40,5.30,27.30,1.00,0.00,23.10,13.40,0.30,0.20,0.50,0.03,-2.20,-3.60,-5.80,-0.70
Matt Williams,50000.00,USA,62.00,24.00,MIA,3.00,11.00,-0.70,0.42,0.83,0.00,0.00,10.20,5.10,0.00,0.00,0.00,14.30,28.60,-0.10,0.00,0.00,-0.20,-8.60,-8.60,-17.10,0.00
Mason Plumlee,14041096.00,USA,22.00,27.00,DEN,70.00,1373.00,16.80,0.58,0.00,0.48,10.30,21.00,15.60,14.60,1.70,4.70,18.80,16.60,1.70,1.60,3.30,0.12,-1.00,2.60,1.60,1.30
Marvin Williams,13168750.00,USA,2.00,31.00,CHO,75.00,1941.00,13.30,0.59,0.54,0.22,3.90,16.40,10.00,6.70,1.30,1.50,9.70,14.50,2.70,1.80,4.50,0.11,0.70,0.40,1.10,1.50
MarShon Brooks,86119.00,USA,25.00,29.00,MEM,3.00,76.00,38.10,0.73,0.41,0.31,4.50,4.70,4.60,32.60,3.30,1.20,7.70,30.60,0.50,0.10,0.60,0.37,13.50,-2.90,10.60,0.20
Marshall Plumlee,100000.00,USA,62.00,25.00,MIL,8.00,52.00,10.90,0.70,0.00,5.33,9.10,29.30,19.30,4.80,0.00,1.60,23.00,11.40,0.10,0.00,0.20,0.14,-3.70,-2.00,-5.70,0.00
Marreese Speights,2116955.00,USA,16.00,30.00,ORL,50.00,647.00,13.90,0.54,0.68,0.16,3.40,18.70,11.00,9.50,0.50,2.70,9.40,26.90,0.20,0.50,0.70,0.05,0.30,-3.00,-2.70,-0.10
Marquis Teague,83129.00,USA,29.00,24.00,MEM,3.00,74.00,5.80,0.30,0.25,0.31,1.50,8.00,4.70,24.90,2.70,0.00,14.20,12.90,-0.10,0.10,-0.10,-0.04,-5.80,-1.50,-7.30,-0.10
Marquese Chriss,3073800.00,USA,8.00,20.00,PHO,71.00,1501.00,10.80,0.50,0.40,0.32,5.10,22.80,13.80,8.10,1.60,3.80,16.60,17.90,-0.90,1.50,0.60,0.02,-3.50,1.30,-2.10,-0.10
Markieff Morris,8000000.00,USA,13.00,28.00,WAS,69.00,1872.00,13.30,0.57,0.30,0.18,4.30,19.30,11.80,10.80,1.40,1.80,15.20,19.30,1.10,2.00,3.20,0.08,-1.00,0.60,-0.40,0.80
Markelle Fultz,7026240.00,USA,1.00,19.00,PHI,10.00,176.00,10.30,0.40,0.01,0.23,4.50,10.00,7.40,27.60,1.60,1.40,11.10,22.00,-0.10,0.20,0.10,0.03,-4.70,-0.50,-5.10,-0.10
Mario Hezonja,4078320.00,Croatia,5.00,22.00,ORL,71.00,1544.00,13.60,0.54,0.44,0.16,2.70,16.00,9.30,9.40,2.40,1.60,11.40,19.80,0.40,1.70,2.10,0.07,-1.10,0.20,-0.90,0.40
Mario Chalmers,2106407.00,USA,34.00,31.00,MEM,62.00,1353.00,10.10,0.50,0.42,0.30,1.10,12.00,6.40,21.60,2.80,0.80,18.80,19.40,-0.70,1.20,0.60,0.02,-2.30,-0.50,-2.80,-0.30
Marcus Smart,4538020.00,USA,6.00,23.00,BOS,54.00,1614.00,10.80,0.48,0.48,0.26,3.00,9.80,6.40,23.90,2.20,1.20,18.40,19.50,-0.60,2.50,1.90,0.06,-1.60,1.20,-0.40,0.70
Marcus Morris,5000000.00,USA,14.00,28.00,BOS,52.00,1398.00,14.80,0.55,0.39,0.26,3.40,18.70,11.20,8.00,1.20,0.70,8.80,23.00,1.20,2.10,3.30,0.12,-0.90,-0.50,-1.40,0.20
Marcus Georges-Hunt,1312611.00,USA,62.00,23.00,MIN,41.00,223.00,6.30,0.50,0.30,0.45,3.60,4.70,4.20,4.10,1.30,0.00,5.10,11.80,0.10,0.00,0.20,0.04,-2.00,-2.70,-4.70,-0.20
Marco Belinelli,6306060.00,Italy,18.00,31.00,TOT,76.00,1838.00,14.00,0.58,0.51,0.22,1.10,7.10,4.10,11.90,1.60,0.40,10.10,20.30,2.20,1.20,3.40,0.09,0.70,-2.20,-1.50,0.20
Marcin Gortat,12782609.00,Poland,57.00,33.00,WAS,78.00,1967.00,14.90,0.55,0.00,0.30,9.80,24.10,17.00,10.80,1.00,2.60,13.50,15.60,2.40,2.30,4.70,0.12,-1.50,1.90,0.40,1.20
Marc Gasol,22642350.00,Spain,48.00,33.00,MEM,72.00,2374.00,17.30,0.53,0.31,0.33,3.60,25.40,14.20,21.50,1.10,4.00,14.10,25.70,1.30,2.60,4.00,0.08,-0.20,1.70,1.50,2.10
Manu Ginobili,2500000.00,Argentina,57.00,40.00,SAS,62.00,1241.00,12.40,0.54,0.41,0.29,1.70,10.10,5.90,18.80,1.70,1.10,16.70,21.30,0.40,1.60,1.90,0.08,-0.90,-0.40,-1.20,0.20
Malik Monk,2904480.00,USA,11.00,19.00,CHO,60.00,778.00,8.50,0.46,0.57,0.07,1.10,8.10,4.50,15.40,1.10,0.90,10.30,24.20,-0.90,0.50,-0.40,-0.03,-2.10,-3.30,-5.30,-0.70
Malik Beasley,1700640.00,USA,19.00,21.00,DEN,61.00,581.00,8.80,0.50,0.46,0.19,2.70,11.00,6.90,7.40,1.30,1.00,11.10,16.10,0.00,0.30,0.30,0.02,-2.80,-2.50,-5.30,-0.50
Malcolm Delaney,2500000.00,USA,62.00,28.00,ATL,54.00,1014.00,10.70,0.52,0.44,0.32,1.00,10.00,5.50,23.50,1.70,0.50,16.90,16.90,0.40,0.60,1.00,0.05,-2.00,-1.60,-3.60,-0.40
Malcolm Brogdon,1312611.00,USA,36.00,25.00,MIL,46.00,1404.00,14.30,0.58,0.32,0.17,1.90,10.80,6.40,16.30,1.50,0.80,11.00,19.10,2.00,0.70,2.70,0.09,0.60,-1.80,-1.20,0.30
Malachi Richardson,1504560.00,USA,22.00,22.00,TOT,26.00,324.00,5.90,0.45,0.44,0.24,1.70,10.70,6.00,5.60,1.60,0.30,9.10,15.20,-0.20,0.10,-0.10,-0.02,-4.30,-2.20,-6.50,-0.40
Luol Deng,17190000.00,United Kingdo...,7.00,32.00,LAL,1.00,13.00,5.50,0.50,0.00,0.00,0.00,0.00,0.00,10.10,3.70,0.00,33.30,9.80,0.00,0.00,0.00,-0.02,-7.20,-1.40,-8.60,0.00
Luke Kennard,2759280.00,USA,12.00,21.00,DET,69.00,1339.00,11.60,0.55,0.42,0.16,1.60,11.50,6.40,12.40,1.50,0.90,12.30,16.90,0.80,1.30,2.20,0.08,-1.40,-0.30,-1.80,0.10
Luke Babbitt,1974159.00,USA,16.00,28.00,TOT,49.00,708.00,10.20,0.59,0.72,0.10,1.10,14.10,7.60,6.60,0.60,0.80,7.90,14.90,0.60,0.40,1.00,0.07,-0.80,-2.10,-3.00,-0.20
Luis Montero,50000.00,Dominican Rep...,62.00,24.00,DET,2.00,8.00,-15.50,0.00,0.00,0.00,0.00,28.20,13.80,0.00,0.00,0.00,66.70,16.60,-0.10,0.00,-0.10,-0.44,-23.80,-2.10,-25.80,0.00
Lucas Nogueira,2947305.00,Brazil,16.00,25.00,TOR,47.00,404.00,17.50,0.66,0.23,0.36,4.80,18.60,11.80,7.00,2.80,8.30,14.40,11.30,0.70,0.90,1.60,0.19,-0.70,6.20,5.50,0.80
Luc Mbah a Moute,2116955.00,Cameroon,37.00,31.00,HOU,58.00,1507.00,10.10,0.60,0.51,0.27,1.60,11.80,6.70,5.10,2.10,1.40,15.60,12.70,0.80,1.90,2.60,0.08,-1.40,1.30,-0.10,0.70
Lou Williams,7000000.00,USA,45.00,31.00,LAC,77.00,2527.00,20.50,0.58,0.39,0.36,1.80,6.70,4.30,26.50,1.60,0.60,13.10,29.90,5.60,1.30,6.90,0.13,3.90,-2.70,1.20,2.10
Lonzo Ball,6286560.00,USA,2.00,20.00,LAL,52.00,1780.00,12.50,0.44,0.52,0.13,4.20,17.30,10.80,29.00,2.40,2.00,18.60,17.40,-0.50,2.50,2.00,0.05,-0.80,2.40,1.60,1.60
LeBron James,33285709.00,USA,1.00,33.00,CLE,78.00,2898.00,28.50,0.62,0.25,0.33,3.60,22.30,13.10,44.00,1.90,2.10,15.90,31.40,10.40,3.00,13.40,0.22,7.50,2.20,9.70,8.60
Lauri Markkanen,3821640.00,Finland,7.00,20.00,CHI,65.00,1949.00,15.30,0.55,0.47,0.19,3.90,23.60,13.40,6.20,0.90,1.80,8.10,21.70,1.50,1.60,3.20,0.08,-0.70,-1.20,-1.90,0.00
Larry Nance,1471382.00,USA,27.00,25.00,TOT,62.00,1367.00,20.30,0.61,0.03,0.34,12.30,21.60,17.00,8.80,3.00,2.10,10.00,15.80,3.50,2.20,5.70,0.20,1.20,2.40,3.60,1.90
Larry Drew,148318.00,USA,62.00,27.00,TOT,10.00,70.00,3.00,0.35,0.38,0.00,4.80,0.00,2.30,18.70,0.00,0.00,11.10,16.70,-0.10,0.00,-0.10,-0.06,-5.40,-5.40,-10.70,-0.20
Langston Galloway,6666667.00,USA,62.00,26.00,DET,54.00,782.00,12.30,0.51,0.65,0.11,1.70,10.20,5.80,10.30,1.90,0.60,5.10,19.00,0.50,0.80,1.40,0.08,-0.10,-1.50,-1.60,0.10
Lance Thomas,6655325.00,USA,62.00,29.00,NYK,70.00,1302.00,6.40,0.51,0.48,0.21,3.70,10.50,7.10,4.30,1.10,0.90,12.40,10.50,0.20,0.60,0.80,0.03,-2.10,-0.50,-2.60,-0.20
Lance Stephenson,4180000.00,USA,40.00,27.00,IND,78.00,1747.00,12.40,0.50,0.32,0.17,3.70,21.20,12.60,18.40,1.20,0.80,15.10,21.80,-0.20,1.90,1.60,0.05,-1.90,-0.20,-2.10,-0.10
LaMarcus Aldridge,21461010.00,USA,2.00,32.00,SAS,72.00,2416.00,25.20,0.57,0.07,0.30,10.80,17.10,14.00,11.50,0.80,3.00,6.90,29.10,7.30,3.40,10.80,0.21,3.10,0.30,3.40,3.30
Kyrie Irving,18868625.00,Australia,1.00,25.00,BOS,60.00,1931.00,25.10,0.61,0.37,0.24,1.90,10.80,6.40,30.90,1.70,0.70,10.40,31.10,6.30,2.70,9.00,0.22,7.00,-0.60,6.40,4.10
Kyle Singler,4666500.00,USA,33.00,29.00,OKC,12.00,59.00,5.90,0.43,0.24,0.62,1.80,17.50,9.40,4.80,0.80,0.00,10.10,21.60,-0.10,0.00,0.00,-0.03,-7.60,-4.20,-11.80,-0.10
Kyle O'Quinn,4087500.00,USA,49.00,27.00,NYK,73.00,1289.00,19.40,0.62,0.04,0.34,9.00,28.00,18.60,16.90,1.30,6.00,19.30,17.00,2.30,1.90,4.20,0.16,-0.20,4.20,4.00,2.00
Kyle Lowry,28703704.00,USA,24.00,31.00,TOR,74.00,2387.00,19.60,0.60,0.63,0.28,3.10,16.10,9.70,30.40,1.70,0.50,14.50,21.60,6.80,2.90,9.70,0.20,5.50,0.40,5.80,4.70
Kyle Kuzma,1423560.00,USA,27.00,22.00,LAL,76.00,2383.00,14.40,0.55,0.42,0.20,4.00,17.40,10.70,9.20,1.00,1.10,10.80,22.50,1.70,2.30,4.00,0.08,-0.20,-1.10,-1.20,0.50
Kyle Korver,7000000.00,USA,51.00,36.00,CLE,70.00,1516.00,13.50,0.65,0.78,0.15,0.70,10.80,5.80,8.00,0.90,1.50,9.10,16.10,2.80,0.60,3.40,0.11,2.20,-2.20,0.10,0.80
Kyle Collinsworth,92160.00,USA,62.00,26.00,DAL,29.00,409.00,9.80,0.44,0.19,0.44,7.40,17.90,12.50,15.10,2.00,1.30,17.10,13.00,0.00,0.50,0.40,0.05,-3.80,2.20,-1.70,0.00
Kyle Anderson,2151704.00,USA,30.00,24.00,SAS,71.00,1906.00,15.70,0.58,0.13,0.33,4.70,17.80,11.20,14.70,2.90,2.50,16.30,13.50,2.20,3.70,5.90,0.15,-0.40,4.40,4.00,2.90
Kristaps Porzingis,4503600.00,Latvia,4.00,22.00,NYK,48.00,1553.00,20.40,0.54,0.26,0.31,4.50,18.10,11.30,6.30,1.10,6.40,8.40,31.00,1.40,1.80,3.20,0.10,-0.40,-0.20,-0.60,0.50
Kris Dunn,4046760.00,USA,5.00,23.00,CHI,52.00,1525.00,14.50,0.49,0.20,0.17,1.60,14.30,7.80,33.30,3.30,1.60,17.30,24.70,-1.00,1.90,0.90,0.03,-1.40,1.40,0.00,0.80
Kosta Koufos,8393000.00,USA,23.00,28.00,SAC,71.00,1391.00,17.50,0.57,0.00,0.19,11.70,27.80,19.30,9.70,1.70,2.20,10.40,15.20,2.30,1.50,3.80,0.13,-0.90,1.20,0.40,0.80
Klay Thompson,17826150.00,USA,11.00,27.00,GSW,69.00,2369.00,16.10,0.60,0.44,0.09,1.40,10.30,6.20,11.50,1.10,1.10,9.70,23.40,3.00,1.80,4.90,0.10,1.80,-2.20,-0.40,1.00
Khris Middleton,14100000.00,USA,39.00,26.00,MIL,78.00,2857.00,17.40,0.58,0.33,0.28,1.70,15.20,8.50,17.60,2.00,0.60,11.80,24.50,4.40,2.20,6.60,0.11,1.60,-1.20,0.40,1.70
Khem Birch,815615.00,Canada,62.00,25.00,ORL,38.00,481.00,14.60,0.54,0.00,0.39,13.90,19.60,16.70,8.90,1.10,3.00,13.60,12.80,0.80,0.50,1.20,0.12,-1.80,1.40,-0.40,0.20
Kevon Looney,1471382.00,USA,30.00,21.00,GSW,62.00,819.00,14.40,0.58,0.02,0.46,10.90,15.40,13.30,6.10,1.80,4.90,12.60,12.30,1.20,1.20,2.50,0.14,-1.10,2.20,1.10,0.70
Kevin Love,22642350.00,USA,5.00,29.00,CLE,56.00,1556.00,22.40,0.61,0.44,0.37,7.20,30.30,18.90,9.60,1.30,1.30,9.60,25.30,4.30,1.60,5.90,0.18,2.40,-1.40,1.00,1.20
Kevin Durant,25000000.00,USA,2.00,29.00,GSW,64.00,2196.00,26.20,0.64,0.34,0.33,1.70,19.40,11.20,25.30,1.00,4.20,12.90,30.30,7.20,2.90,10.10,0.22,5.00,0.90,5.90,4.40
Kentavious Caldwell-Pope,17745894.00,USA,8.00,24.00,LAL,70.00,2377.00,13.50,0.57,0.52,0.25,2.60,14.40,8.50,9.30,2.10,0.50,9.90,16.90,2.80,2.60,5.40,0.11,0.90,0.40,1.20,1.90
Kent Bazemore,16910113.00,USA,62.00,28.00,ATL,65.00,1789.00,14.50,0.55,0.41,0.30,1.60,13.90,7.70,20.10,2.70,2.20,17.00,22.50,0.20,1.90,2.20,0.06,-0.60,1.10,0.40,1.10
Kenneth Faried,12921348.00,USA,22.00,28.00,DEN,32.00,461.00,17.40,0.55,0.01,0.35,16.70,20.80,18.70,5.80,1.30,2.40,11.90,18.20,0.90,0.40,1.30,0.13,-1.10,-1.20,-2.30,0.00
Kemba Walker,12000000.00,USA,9.00,27.00,CHO,77.00,2663.00,20.70,0.57,0.44,0.31,1.20,8.80,4.90,27.50,1.60,0.80,10.30,27.50,6.30,2.00,8.30,0.15,5.10,-1.90,3.30,3.50
Kelly Oubre,2093040.00,USA,15.00,22.00,WAS,77.00,2121.00,12.20,0.54,0.47,0.30,3.10,15.50,9.30,6.40,1.70,1.40,8.80,19.40,1.60,2.20,3.70,0.09,-0.60,-0.50,-1.10,0.50
Kelly Olynyk,10607169.00,Canada,13.00,26.00,MIA,73.00,1720.00,18.00,0.62,0.44,0.27,5.60,21.40,13.50,18.80,1.80,1.70,17.00,21.60,2.80,2.60,5.50,0.15,1.80,1.40,3.20,2.20
Kay Felder,1312611.00,USA,54.00,22.00,DET,1.00,3.00,-31.60,0.00,0.50,0.00,35.90,0.00,18.40,0.00,0.00,0.00,33.30,44.20,-0.10,0.00,-0.10,-1.01,-29.50,-11.90,-41.40,0.00
Kay Felder,1312611.00,USA,54.00,22.00,CHI,14.00,134.00,3.60,0.39,0.27,0.18,0.80,10.80,5.60,23.00,1.10,0.70,17.40,28.00,-0.50,0.10,-0.50,-0.17,-8.20,-3.30,-11.50,-0.30
Kay Felder,1312611.00,USA,54.00,22.00,TOT,15.00,137.00,2.90,0.38,0.28,0.18,1.50,10.50,5.90,22.50,1.10,0.60,17.90,28.40,-0.60,0.10,-0.50,-0.19,-8.70,-3.50,-12.10,-0.30
Kawhi Leonard,18868625.00,USA,15.00,26.00,SAS,9.00,210.00,26.00,0.57,0.32,0.34,3.10,19.10,11.10,17.70,4.30,3.60,11.10,30.60,0.30,0.50,0.90,0.20,2.70,3.20,5.90,0.40
Karl-Anthony Towns,6216840.00,USA,1.00,22.00,MIN,78.00,2770.00,24.80,0.65,0.25,0.35,9.30,30.90,20.00,10.70,1.10,3.50,10.80,22.90,9.80,3.10,13.00,0.23,4.30,1.00,5.30,5.10
Jusuf Nurkic,2947305.00,Bosnia & Herz...,16.00,23.00,POR,75.00,1966.00,19.10,0.53,0.01,0.29,9.60,26.80,18.30,11.60,1.50,4.30,14.70,26.60,0.60,3.70,4.30,0.11,-2.70,2.70,-0.10,1.00
Justise Winslow,2705040.00,USA,10.00,21.00,MIA,65.00,1587.00,11.50,0.50,0.27,0.21,4.20,20.40,12.30,13.00,1.60,1.80,12.80,16.20,0.30,2.30,2.60,0.08,-2.70,1.80,-0.90,0.40
Justin Patton,2247480.00,USA,16.00,20.00,MIN,1.00,4.00,19.80,0.50,0.00,0.00,0.00,0.00,0.00,0.00,12.50,0.00,0.00,22.10,0.00,0.00,0.00,0.15,-0.70,4.00,3.20,0.00
Justin Jackson,2365560.00,USA,15.00,22.00,SAC,65.00,1413.00,9.80,0.53,0.43,0.09,2.10,12.90,7.20,7.30,1.00,0.80,8.40,14.40,0.60,0.50,1.00,0.04,-1.80,-1.50,-3.40,-0.50
Justin Holiday,4615385.00,USA,62.00,28.00,CHI,69.00,2180.00,10.90,0.52,0.57,0.21,1.50,12.60,6.80,9.90,1.70,1.30,9.80,18.00,0.40,1.60,1.90,0.04,-0.90,-0.20,-1.10,0.50
Justin Anderson,1579440.00,USA,21.00,24.00,PHI,36.00,485.00,11.90,0.52,0.49,0.20,4.90,13.90,9.60,7.30,1.40,1.00,6.60,18.80,0.40,0.60,1.00,0.10,-1.10,-1.40,-2.50,-0.10
Julyan Stone,1524305.00,USA,62.00,29.00,CHO,20.00,106.00,6.70,0.64,1.00,0.29,0.00,24.00,11.70,19.50,0.90,1.60,43.20,5.70,0.00,0.10,0.10,0.06,-3.90,1.10,-2.80,0.00
Julius Randle,4149242.00,USA,7.00,23.00,LAL,78.00,2099.00,19.80,0.61,0.05,0.47,8.80,22.80,15.80,15.60,0.90,1.70,16.10,25.20,3.80,2.40,6.30,0.14,0.30,0.50,0.80,1.50
Juan Hernangomez,2076840.00,Spain,15.00,22.00,DEN,24.00,275.00,10.00,0.52,0.66,0.16,7.40,14.70,11.10,5.90,1.10,0.90,10.20,13.90,0.20,0.10,0.40,0.06,-0.90,-2.30,-3.20,-0.10
Jrue Holiday,25686667.00,USA,17.00,27.00,NOP,77.00,2788.00,17.40,0.57,0.29,0.19,2.30,10.90,6.80,24.50,1.90,1.70,13.60,23.20,3.60,2.60,6.30,0.11,1.60,0.20,1.70,2.60
Josh Smith,5400000.00,USA,17.00,32.00,NOP,3.00,12.00,3.50,0.25,0.00,0.00,28.10,8.80,18.10,0.00,0.00,0.00,0.00,14.40,0.00,0.00,0.00,-0.02,-6.00,-7.40,-13.40,0.00
Josh Richardson,1471382.00,USA,40.00,24.00,MIA,78.00,2601.00,13.70,0.56,0.39,0.16,2.90,8.90,5.90,13.10,2.30,2.40,13.00,18.20,1.90,3.50,5.40,0.10,0.00,1.50,1.50,2.30
Josh McRoberts,6021175.00,USA,37.00,30.00,DAL,2.00,6.00,-12.50,0.00,1.00,0.00,0.00,0.00,0.00,0.00,0.00,0.00,0.00,7.60,0.00,0.00,0.00,-0.19,-9.80,-2.30,-12.10,0.00
Josh Jackson,5090040.00,USA,4.00,20.00,PHO,76.00,1929.00,11.80,0.48,0.24,0.30,4.80,14.20,9.40,10.20,1.90,1.40,12.20,25.70,-1.80,1.20,-0.60,-0.02,-3.10,-1.30,-4.30,-1.10
Josh Huestis,1471382.00,USA,29.00,26.00,OKC,67.00,979.00,5.30,0.41,0.63,0.11,4.60,14.00,9.10,2.70,0.80,4.00,12.10,9.40,-0.50,1.00,0.50,0.02,-4.70,0.70,-3.90,-0.50
Josh Hart,1394520.00,USA,30.00,22.00,LAL,59.00,1312.00,11.20,0.58,0.53,0.24,3.10,16.00,9.60,7.70,1.50,0.90,10.10,12.50,1.40,1.30,2.80,0.10,-0.80,0.30,-0.40,0.50
Josh Gray,92160.00,USA,62.00,24.00,PHO,5.00,86.00,7.30,0.35,0.32,0.27,2.40,10.10,6.20,20.80,4.50,1.90,13.20,26.00,-0.30,0.10,-0.20,-0.12,-5.90,0.40,-5.40,-0.10
Jose Calderon,2328652.00,Spain,62.00,36.00,CLE,55.00,888.00,11.50,0.65,0.52,0.17,1.70,8.30,5.00,17.80,1.50,0.20,17.50,11.70,1.50,0.30,1.80,0.10,0.20,-2.00,-1.80,0.10
Jordan Mickey,1471382.00,USA,33.00,23.00,MIA,23.00,284.00,10.60,0.52,0.20,0.23,7.10,25.30,16.30,4.80,1.10,3.00,16.60,17.10,-0.10,0.50,0.30,0.06,-5.50,0.50,-5.00,-0.20
Jordan Crawford,250000.00,USA,27.00,29.00,NOP,2.00,37.00,15.70,0.64,0.36,0.00,6.10,2.80,4.40,35.70,0.00,2.20,22.20,21.10,0.10,0.00,0.10,0.12,1.30,-4.70,-3.40,0.00
Jordan Clarkson,11562500.00,USA,46.00,25.00,TOT,77.00,1819.00,16.70,0.54,0.34,0.20,3.30,9.20,6.30,19.40,1.50,0.30,10.80,26.60,1.90,1.10,3.10,0.08,0.90,-2.60,-1.70,0.10
Jordan Bell,815615.00,USA,38.00,23.00,GSW,53.00,774.00,18.70,0.65,0.02,0.24,9.20,19.20,14.60,17.20,2.10,5.70,18.90,13.80,1.70,1.40,3.00,0.19,0.40,4.00,4.40,1.30
Jonathon Simmons,6300000.00,USA,62.00,28.00,ORL,69.00,2029.00,12.80,0.56,0.27,0.32,3.30,9.70,6.50,13.30,1.40,0.60,14.40,21.90,0.80,1.10,2.00,0.05,-1.00,-1.30,-2.30,-0.20
Jonathan Isaac,4186320.00,USA,6.00,20.00,ORL,27.00,536.00,9.80,0.47,0.32,0.17,3.30,17.20,10.20,4.80,3.00,4.50,14.80,15.00,-0.60,0.80,0.20,0.02,-4.90,3.10,-1.80,0.00
Jonas Valanciunas,15460675.00,Lithuania,5.00,25.00,TOR,74.00,1657.00,22.30,0.63,0.11,0.31,12.20,30.30,21.40,7.60,0.90,3.10,12.90,22.70,4.40,2.80,7.20,0.21,0.70,0.70,1.50,1.50
Jonas Jerebko,4000000.00,Sweden,39.00,30.00,UTA,70.00,1069.00,13.00,0.57,0.45,0.17,5.50,19.50,12.60,5.90,1.10,0.90,6.50,15.60,1.60,1.50,3.10,0.14,-0.60,-0.30,-0.90,0.30
Jon Leuer,10497319.00,USA,40.00,28.00,DET,8.00,136.00,8.90,0.51,0.08,0.42,5.50,20.70,13.00,5.30,0.40,2.00,14.10,16.10,0.00,0.10,0.10,0.05,-5.60,-0.30,-5.90,-0.10
Johnny O'Bryant,1524305.00,USA,36.00,24.00,CHO,36.00,379.00,12.00,0.47,0.25,0.15,8.10,18.70,13.30,5.90,1.20,1.30,7.60,22.50,-0.10,0.40,0.30,0.04,-3.30,-2.10,-5.30,-0.30
John Wall,18063850.00,USA,1.00,27.00,WAS,39.00,1335.00,18.50,0.51,0.25,0.36,1.90,9.90,5.90,43.60,1.90,2.70,16.60,29.00,1.00,1.30,2.30,0.08,1.20,-0.20,0.90,1.00
John Henson,11422536.00,USA,14.00,27.00,MIL,72.00,1869.00,15.80,0.59,0.02,0.32,9.10,21.60,15.40,8.50,1.10,4.80,13.40,15.10,2.70,2.00,4.70,0.12,-1.30,1.80,0.50,1.20
John Collins,1936920.00,USA,19.00,20.00,ATL,71.00,1690.00,18.40,0.62,0.08,0.34,11.20,23.00,17.10,8.20,1.20,4.00,14.30,17.90,3.30,1.90,5.20,0.15,-0.30,1.70,1.40,1.50
Joffrey Lauvergne,1524305.00,France,55.00,26.00,SAS,52.00,523.00,16.50,0.54,0.03,0.24,13.10,22.80,17.90,11.60,0.90,0.50,13.80,20.40,0.60,0.70,1.30,0.12,-1.50,-0.20,-1.60,0.10
Joel Embiid,6100266.00,Cameroon,3.00,23.00,PHI,63.00,1912.00,22.90,0.57,0.20,0.44,8.40,29.80,19.50,18.20,1.00,4.80,15.60,33.50,2.30,3.90,6.20,0.16,0.20,2.60,2.70,2.30
Joel Bolomboy,1312611.00,Ukraine,52.00,24.00,MIL,6.00,38.00,11.70,0.52,0.17,1.00,18.70,12.40,15.50,0.00,2.60,0.00,18.80,12.70,0.00,0.00,0.10,0.08,-3.10,-4.60,-7.70,-0.10
Joe Young,1471382.00,USA,43.00,25.00,IND,50.00,520.00,10.20,0.52,0.35,0.17,2.40,10.80,6.70,9.80,1.30,0.20,12.00,17.90,0.10,0.40,0.50,0.04,-2.50,-2.20,-4.70,-0.40
Joe Johnson,9505000.00,USA,10.00,36.00,TOT,51.00,1129.00,8.40,0.49,0.40,0.12,1.40,14.70,8.10,10.20,0.80,0.50,11.60,16.00,-0.20,1.20,0.90,0.04,-3.30,-0.40,-3.70,-0.50
Joe Ingles,14136364.00,Australia,62.00,30.00,UTA,78.00,2461.00,14.30,0.62,0.65,0.12,1.10,14.10,7.70,22.40,1.80,0.60,17.30,16.00,3.70,3.30,7.00,0.14,2.00,0.90,2.90,3.10
Joe Harris,1524305.00,USA,33.00,26.00,BRK,76.00,1916.00,13.00,0.63,0.58,0.17,2.80,11.30,7.00,9.60,0.90,0.70,12.10,16.70,2.70,0.80,3.60,0.09,1.10,-1.30,-0.20,0.90
Jodie Meeks,3290000.00,USA,41.00,30.00,WAS,74.00,1087.00,12.30,0.55,0.53,0.30,1.60,11.30,6.50,9.10,1.30,0.30,8.00,18.90,1.10,0.70,1.90,0.08,-0.50,-2.40,-2.90,-0.20
Joakim Noah,17765000.00,USA,9.00,32.00,NYK,7.00,40.00,15.60,0.51,0.00,0.40,16.70,22.10,19.40,14.00,2.50,4.30,25.40,17.20,0.00,0.10,0.10,0.07,-2.30,3.30,1.00,0.00
Jimmy Butler,19301070.00,USA,30.00,28.00,MIN,56.00,2077.00,23.50,0.59,0.22,0.45,4.10,12.90,8.50,20.70,2.60,1.00,8.90,24.70,6.80,1.60,8.40,0.19,4.80,0.00,4.90,3.60
Jerryd Bayless,9000000.00,USA,11.00,29.00,PHI,39.00,925.00,7.60,0.55,0.56,0.17,1.80,7.30,4.70,8.10,1.20,0.50,14.10,15.10,0.20,0.90,1.10,0.06,-1.80,-0.90,-2.70,-0.20
Jerian Grant,1713840.00,USA,19.00,25.00,CHI,70.00,1574.00,14.50,0.53,0.37,0.39,2.00,9.60,5.70,30.60,1.80,0.40,13.30,17.30,2.40,0.90,3.30,0.10,0.00,-1.70,-1.80,0.10
Jeremy Lin,12000000.00,USA,62.00,29.00,BRK,1.00,25.00,16.00,0.60,0.17,0.58,0.00,0.00,0.00,27.30,0.00,0.00,16.60,31.30,0.00,0.00,0.00,0.09,-3.00,-10.40,-13.40,-0.10
Jeremy Lamb,7000000.00,USA,12.00,25.00,CHO,77.00,1901.00,17.00,0.56,0.31,0.26,2.70,15.70,9.10,15.40,1.50,1.40,9.20,22.60,2.80,1.80,4.70,0.12,1.10,-0.20,0.80,1.40
Jeremy Evans,104059.00,USA,55.00,30.00,ATL,1.00,5.00,10.40,1.00,0.00,0.00,22.40,0.00,11.20,0.00,0.00,0.00,50.00,17.50,0.00,0.00,0.00,-0.03,-2.30,-6.10,-8.30,0.00
Jerami Grant,1524305.00,USA,39.00,23.00,OKC,78.00,1585.00,15.60,0.60,0.25,0.50,5.70,16.10,10.70,5.10,0.90,4.10,9.10,16.00,3.00,1.80,4.80,0.15,-1.10,0.20,-0.90,0.40
Jeff Withey,1577320.00,USA,39.00,27.00,DAL,9.00,39.00,8.30,0.44,0.63,0.13,2.80,26.40,14.30,0.00,0.00,6.80,10.60,22.00,-0.10,0.10,0.00,-0.05,-9.10,-3.60,-12.70,-0.10
Jeff Teague,19000000.00,USA,19.00,29.00,MIN,66.00,2166.00,16.10,0.55,0.29,0.30,1.20,9.40,5.30,30.50,2.20,0.90,16.80,20.40,3.00,1.30,4.30,0.10,1.40,-1.30,0.10,1.10
Jeff Green,2116955.00,USA,5.00,31.00,CLE,74.00,1715.00,14.20,0.57,0.27,0.37,3.80,11.50,7.70,8.10,1.10,1.60,9.50,19.50,2.50,0.80,3.30,0.09,-0.70,-1.60,-2.40,-0.20
Jayson Tatum,5645400.00,USA,3.00,19.00,BOS,78.00,2383.00,15.10,0.59,0.29,0.31,2.20,15.70,9.10,8.30,1.60,2.00,10.80,19.40,2.90,3.90,6.90,0.14,-0.60,1.60,0.90,1.80
Jaylen Morris,92160.00,USA,62.00,22.00,ATL,6.00,98.00,6.90,0.45,0.29,0.00,2.30,16.00,9.10,10.80,1.00,0.90,16.20,16.50,-0.10,0.10,-0.10,-0.04,-5.90,-1.00,-6.80,-0.10
Jaylen Brown,4956480.00,USA,3.00,21.00,BOS,67.00,2062.00,13.30,0.56,0.38,0.29,3.60,14.30,9.00,8.40,1.60,1.00,12.00,21.00,1.00,3.20,4.20,0.10,-0.80,0.60,-0.20,0.90
Jawun Evans,815615.00,USA,39.00,21.00,LAC,48.00,778.00,7.20,0.42,0.21,0.19,1.30,10.40,5.90,17.80,2.20,0.60,13.80,17.70,-0.80,0.70,-0.10,-0.01,-4.30,-0.50,-4.70,-0.50
JaVale McGee,2116955.00,USA,18.00,30.00,GSW,62.00,584.00,21.80,0.63,0.03,0.23,10.80,18.50,14.90,8.10,1.60,7.60,9.20,18.80,1.50,1.00,2.60,0.21,0.20,2.50,2.70,0.70
Jason Terry,2328652.00,USA,10.00,40.00,MIL,47.00,762.00,8.00,0.53,0.75,0.06,0.80,6.50,3.60,9.70,2.40,1.40,13.60,10.10,0.20,0.50,0.70,0.04,-1.50,-0.70,-2.20,0.00
Jason Smith,5225000.00,USA,20.00,31.00,WAS,31.00,276.00,8.20,0.44,0.28,0.17,7.40,13.90,10.70,7.60,0.50,3.80,11.70,21.90,-0.30,0.20,-0.10,-0.01,-5.10,-1.20,-6.30,-0.30
Jarrett Jack,2328652.00,USA,22.00,34.00,NYK,58.00,1483.00,11.20,0.49,0.19,0.17,1.50,11.90,6.70,31.30,1.20,0.20,19.90,16.50,0.30,0.70,1.00,0.03,-2.00,-1.60,-3.60,-0.60
Jarrett Allen,1713720.00,USA,22.00,19.00,BRK,68.00,1341.00,17.60,0.63,0.04,0.39,10.90,17.70,14.30,5.60,1.00,4.10,15.30,16.70,2.50,1.30,3.90,0.14,-1.10,1.20,0.10,0.70
Jarell Martin,1471382.00,USA,25.00,23.00,MEM,73.00,1661.00,10.50,0.52,0.20,0.23,6.60,15.80,11.10,7.00,1.20,2.80,13.60,17.10,0.10,1.30,1.40,0.04,-3.10,0.10,-3.00,-0.40
Jarell Eddie,83129.00,USA,62.00,26.00,TOT,3.00,9.00,-1.90,0.00,1.00,0.00,0.00,12.00,6.10,0.00,5.60,0.00,0.00,9.80,0.00,0.00,0.00,-0.14,-10.10,1.70,-8.40,0.00
Jared Dudley,10000000.00,USA,22.00,32.00,PHO,45.00,626.00,8.70,0.55,0.68,0.26,1.30,13.40,7.30,16.20,1.70,1.20,17.50,10.10,0.40,0.30,0.80,0.06,-1.80,-0.20,-2.00,0.00
JaMychal Green,8533333.00,USA,62.00,27.00,MEM,55.00,1542.00,14.00,0.53,0.26,0.23,10.80,24.40,17.40,8.30,1.10,1.50,12.40,17.90,1.30,1.30,2.60,0.08,-1.10,-0.20,-1.30,0.30
Jamil Wilson,50000.00,USA,62.00,27.00,LAC,15.00,274.00,11.40,0.63,0.78,0.05,1.20,11.40,6.40,5.20,0.90,2.40,8.80,14.30,0.40,0.20,0.60,0.10,1.10,-1.00,0.10,0.10
James Michael McAdoo,50000.00,USA,62.00,25.00,PHI,3.00,18.00,7.50,0.51,1.00,0.29,0.00,11.60,6.00,0.00,0.00,4.60,11.30,21.10,0.00,0.00,0.00,0.02,-4.30,-4.40,-8.80,0.00
James Johnson,13954000.00,USA,16.00,30.00,MIA,70.00,1873.00,15.90,0.58,0.31,0.26,3.60,17.20,10.40,22.70,1.90,2.20,17.10,19.00,2.20,2.80,4.90,0.13,0.10,1.90,2.00,1.90
James Harden,28299399.00,USA,3.00,28.00,HOU,69.00,2449.00,30.20,0.62,0.50,0.50,1.80,15.40,8.60,44.80,2.50,1.70,14.70,36.20,11.40,3.60,15.00,0.29,9.80,1.30,11.10,8.10
James Ennis,3028410.00,USA,50.00,27.00,TOT,68.00,1540.00,11.80,0.59,0.39,0.31,5.30,11.10,8.10,6.70,1.50,1.10,11.60,13.60,2.00,1.10,3.10,0.10,-0.50,-0.40,-0.90,0.40
Jameer Nelson,4736050.00,USA,20.00,35.00,TOT,50.00,1013.00,8.20,0.49,0.51,0.08,1.40,9.50,5.60,23.00,1.30,0.30,21.00,13.70,-0.10,0.60,0.60,0.03,-2.60,-1.50,-4.10,-0.50
Jameel Warney,46080.00,USA,62.00,24.00,DAL,3.00,27.00,22.60,0.60,0.00,0.42,16.00,21.20,18.50,0.00,0.00,0.00,6.60,25.60,0.10,0.00,0.10,0.16,-3.10,-9.00,-12.10,-0.10
Jamal Murray,3355320.00,Canada,7.00,20.00,DEN,77.00,2414.00,16.20,0.58,0.41,0.24,3.60,9.70,6.60,16.30,1.60,0.90,13.00,22.90,4.00,1.20,5.10,0.10,1.80,-2.10,-0.20,1.10
Jamal Crawford,10942762.00,USA,8.00,37.00,MIN,76.00,1566.00,13.50,0.53,0.43,0.15,1.30,5.50,3.40,17.10,1.20,0.40,10.80,24.20,1.10,0.30,1.30,0.04,0.30,-4.30,-3.90,-0.80
Jakob Poeltl,2825640.00,Austria,9.00,22.00,TOR,78.00,1429.00,17.00,0.65,0.01,0.27,12.40,16.10,14.30,5.60,1.20,5.40,16.20,14.60,2.90,2.20,5.10,0.17,0.30,2.90,3.20,1.90
Jake Layman,1312611.00,USA,47.00,23.00,POR,33.00,155.00,3.80,0.33,0.43,0.07,2.90,7.00,4.90,8.70,1.90,2.10,9.90,14.30,-0.30,0.20,-0.10,-0.04,-5.80,0.30,-5.50,-0.10
Jahlil Okafor,4995120.00,USA,3.00,22.00,TOT,28.00,353.00,15.40,0.58,0.03,0.21,6.30,19.40,12.80,5.90,0.40,3.90,12.20,21.00,0.30,0.30,0.60,0.08,-3.70,-0.70,-4.40,-0.20
Jae Crowder,6796117.00,USA,34.00,27.00,TOT,76.00,2007.00,10.30,0.53,0.51,0.23,3.10,11.40,7.30,6.90,1.50,0.80,9.50,16.90,1.00,1.50,2.50,0.06,-0.80,-1.00,-1.80,0.10
Jacob Pullen,50000.00,USA,62.00,28.00,PHI,3.00,6.00,-2.30,0.50,0.50,0.00,0.00,0.00,0.00,0.00,0.00,0.00,33.30,21.40,0.00,0.00,0.00,-0.21,-10.50,-4.70,-15.30,0.00
Jabari Parker,6782392.00,USA,2.00,22.00,MIL,27.00,621.00,17.30,0.56,0.25,0.16,5.30,16.40,10.90,13.70,1.60,1.40,10.00,23.30,0.70,0.50,1.20,0.09,0.10,-1.60,-1.60,0.10
J.R. Smith,13760000.00,USA,18.00,32.00,CLE,76.00,2152.00,8.50,0.53,0.65,0.10,1.50,10.00,5.80,8.60,1.50,0.40,11.60,13.80,0.50,0.90,1.40,0.03,-0.60,-1.00,-1.60,0.20
J.J. Redick,23000000.00,USA,11.00,33.00,PHI,67.00,2021.00,15.60,0.61,0.52,0.24,0.50,8.30,4.50,15.20,0.80,0.20,9.80,21.50,4.40,1.80,6.10,0.15,2.40,-2.50,-0.10,1.00
J.J. Barea,3903900.00,Puerto Rico,62.00,33.00,DAL,69.00,1603.00,17.80,0.55,0.45,0.15,1.00,13.30,7.00,45.10,1.10,0.20,16.30,24.90,2.30,1.10,3.30,0.10,2.40,-2.20,0.20,0.90
Ivica Zubac,1312611.00,Croatia,32.00,20.00,LAL,39.00,336.00,15.60,0.57,0.00,0.45,11.20,20.20,15.70,9.10,0.90,2.70,14.80,17.90,0.50,0.40,0.90,0.12,-2.60,0.20,-2.40,0.00
Ivan Rabb,950000.00,USA,35.00,20.00,MEM,32.00,401.00,15.60,0.60,0.00,0.22,11.80,23.70,17.60,9.70,1.00,1.60,18.80,17.90,0.40,0.30,0.80,0.09,-2.30,-0.50,-2.80,-0.10
Ish Smith,6000000.00,USA,62.00,29.00,DET,78.00,1966.00,15.00,0.52,0.12,0.15,1.50,10.80,6.10,28.00,1.50,0.90,11.10,20.70,2.00,2.00,4.00,0.10,-0.90,-0.60,-1.50,0.30
Isaiah Whitehead,1312611.00,USA,42.00,22.00,BRK,16.00,180.00,11.60,0.53,0.21,0.22,2.30,13.10,7.70,19.70,2.20,0.80,20.30,28.40,-0.30,0.20,-0.10,-0.04,-4.20,-1.30,-5.50,-0.20
Isaiah Thomas,6261395.00,USA,60.00,28.00,TOT,32.00,862.00,12.60,0.51,0.45,0.31,2.20,6.30,4.20,27.00,0.80,0.30,16.60,28.80,-0.10,0.30,0.20,0.01,-0.90,-4.30,-5.20,-0.70
Isaiah Taylor,1312611.00,USA,62.00,23.00,ATL,64.00,1086.00,11.20,0.50,0.20,0.38,2.30,6.80,4.50,27.00,1.40,0.80,15.50,19.70,0.40,0.40,0.80,0.04,-2.70,-2.50,-5.20,-0.90
Isaiah Canaan,1069308.00,USA,34.00,26.00,TOT,20.00,422.00,13.50,0.54,0.48,0.37,1.50,10.10,5.70,26.70,1.80,0.20,15.40,18.90,0.50,0.10,0.60,0.07,0.10,-2.50,-2.40,0.00
Iman Shumpert,10337079.00,USA,17.00,27.00,CLE,14.00,276.00,6.40,0.48,0.45,0.26,2.90,13.60,8.30,8.10,1.60,1.20,19.90,13.00,-0.20,0.20,0.00,-0.01,-3.90,-0.10,-4.00,-0.10
Ike Anigbogu,950000.00,USA,47.00,19.00,IND,10.00,28.00,23.20,0.56,0.00,0.67,20.40,16.10,18.20,0.00,1.80,9.50,14.70,21.80,0.10,0.00,0.10,0.18,-4.10,-1.40,-5.40,0.00
Ian Mahinmi,16661641.00,France,28.00,31.00,WAS,74.00,1096.00,12.90,0.61,0.01,0.52,13.70,17.00,15.40,6.90,1.70,3.20,24.40,15.60,1.00,1.40,2.40,0.10,-1.70,1.70,-0.10,0.50
Ian Clark,1577230.00,USA,62.00,26.00,NOP,72.00,1398.00,9.10,0.53,0.39,0.12,0.80,8.40,4.70,10.10,1.10,0.60,10.20,17.30,0.10,0.80,0.90,0.03,-2.20,-2.00,-4.20,-0.80
Henry Ellenson,1780800.00,USA,18.00,21.00,DET,34.00,242.00,7.70,0.42,0.39,0.15,4.00,24.20,13.90,10.70,0.60,0.00,10.80,23.60,-0.40,0.30,-0.20,-0.03,-5.90,-2.40,-8.30,-0.40
Hassan Whiteside,23775506.00,USA,33.00,28.00,MIA,51.00,1303.00,24.10,0.58,0.00,0.33,14.20,36.90,25.60,6.80,1.40,5.80,12.80,24.40,2.20,3.00,5.20,0.19,-2.10,2.40,0.20,0.70
Harrison Barnes,23112004.00,USA,7.00,25.00,DAL,75.00,2561.00,16.00,0.54,0.27,0.26,3.20,17.20,10.00,10.00,1.00,0.50,8.20,25.20,2.10,1.90,4.00,0.08,-0.60,-1.20,-1.80,0.10
Guerschon Yabusele,2247480.00,France,16.00,22.00,BOS,31.00,182.00,10.50,0.54,0.69,0.38,9.20,15.40,12.40,11.10,0.60,0.90,17.30,15.60,0.10,0.20,0.40,0.10,-1.10,-0.40,-1.50,0.00
Greg Monroe,17884176.00,USA,7.00,27.00,TOT,47.00,951.00,20.20,0.59,0.00,0.30,11.80,25.20,18.40,16.80,2.00,1.70,17.90,22.40,1.30,1.40,2.70,0.13,-0.50,1.90,1.30,0.80
Gorgui Dieng,14112360.00,Senegal,21.00,28.00,MIN,75.00,1281.00,14.20,0.54,0.15,0.27,8.80,22.20,15.40,7.60,1.70,2.50,12.40,16.20,1.30,1.20,2.50,0.10,-1.30,0.60,-0.70,0.40
Gordon Hayward,29727900.00,USA,9.00,27.00,BOS,1.00,5.00,7.40,0.50,0.50,0.00,0.00,21.60,11.00,0.00,0.00,0.00,0.00,17.90,0.00,0.00,0.00,0.06,-5.90,-6.00,-11.90,0.00
Goran Dragic,17000450.00,Slovenia,45.00,31.00,MIA,73.00,2324.00,16.80,0.54,0.28,0.26,2.60,12.00,7.30,25.40,1.30,0.40,12.10,25.80,3.00,2.40,5.40,0.11,1.20,-1.10,0.10,1.20
Glenn Robinson,1524305.00,USA,40.00,24.00,IND,19.00,241.00,8.90,0.44,0.32,0.12,3.80,8.40,6.10,7.20,2.30,0.40,3.10,11.90,0.10,0.20,0.30,0.06,-2.40,-0.40,-2.70,0.00
Giannis Antetokounmpo,22471910.00,Greece,15.00,23.00,MIL,73.00,2698.00,27.70,0.60,0.10,0.47,6.80,25.10,16.00,23.70,1.90,3.30,11.60,31.30,8.60,3.50,12.10,0.21,4.20,1.80,5.90,5.40
Gian Clavell,50000.00,Puerto Rico,62.00,24.00,DAL,7.00,64.00,7.40,0.53,0.83,0.11,1.70,10.70,6.10,6.70,1.60,0.00,9.60,14.80,0.00,0.00,0.10,0.04,-1.70,-1.80,-3.50,0.00
Gerald Green,947248.00,USA,18.00,32.00,HOU,37.00,825.00,14.00,0.56,0.72,0.15,1.90,14.00,8.00,4.40,1.40,1.30,5.20,21.70,1.00,0.90,1.90,0.11,0.60,-2.30,-1.80,0.10
Georgios Papagiannis,2301360.00,Greece,13.00,20.00,SAC,16.00,118.00,10.70,0.42,0.00,0.00,11.10,24.30,17.40,11.50,0.90,4.80,16.30,18.60,-0.20,0.10,0.00,-0.02,-6.30,1.30,-5.10,-0.10
Georges Niang,100000.00,USA,50.00,24.00,UTA,7.00,18.00,15.00,0.39,0.38,0.25,12.80,18.80,15.80,26.70,5.60,0.00,18.40,27.30,0.00,0.00,0.00,0.01,-2.00,3.50,1.50,0.00
George Hill,20000000.00,USA,26.00,31.00,TOT,65.00,1783.00,13.20,0.58,0.40,0.27,2.60,8.90,5.70,14.90,1.60,1.30,13.20,16.40,2.30,0.80,3.10,0.08,0.30,-1.00,-0.70,0.60
Gary Payton,50000.00,USA,62.00,25.00,TOT,19.00,149.00,7.60,0.41,0.32,0.06,6.10,11.70,8.90,12.40,1.00,1.70,5.80,15.30,0.00,0.10,0.10,0.02,-3.40,-1.70,-5.20,-0.10
Gary Harris,2550055.00,USA,19.00,23.00,DEN,65.00,2265.00,16.60,0.60,0.44,0.18,1.80,6.80,4.30,13.10,2.60,0.60,11.00,20.60,3.90,1.40,5.40,0.11,2.50,-1.60,1.00,1.70
Garrett Temple,8000000.00,USA,62.00,31.00,SAC,65.00,1615.00,10.20,0.54,0.48,0.16,1.50,9.60,5.40,11.20,1.80,1.60,13.40,16.40,0.30,0.80,1.10,0.03,-1.30,-0.70,-2.00,0.00
Furkan Korkmaz,1465920.00,Turkey,26.00,20.00,PHI,12.00,69.00,6.50,0.45,0.63,0.17,3.30,13.60,8.60,6.00,1.40,1.20,7.20,17.20,0.00,0.10,0.00,0.03,-3.70,-1.60,-5.30,-0.10
Fred VanVleet,1312611.00,USA,62.00,23.00,TOR,73.00,1478.00,16.20,0.56,0.48,0.18,1.90,11.70,6.90,22.60,2.20,1.00,10.70,19.10,2.90,1.90,4.70,0.15,2.10,0.00,2.20,1.60
Frank Ntilikina,3501120.00,France,8.00,19.00,NYK,74.00,1566.00,6.50,0.43,0.31,0.15,2.30,9.20,5.80,19.80,1.90,0.90,20.50,17.00,-2.10,1.00,-1.20,-0.04,-3.90,-0.50,-4.40,-0.90
Frank Mason,1184385.00,USA,34.00,23.00,SAC,51.00,972.00,13.10,0.48,0.22,0.30,3.40,12.10,7.50,22.80,1.80,1.00,12.70,22.50,0.10,0.50,0.60,0.03,-1.80,-1.50,-3.30,-0.30
Frank Kaminsky,2847600.00,USA,9.00,24.00,CHO,76.00,1755.00,14.00,0.54,0.38,0.28,2.70,14.40,8.40,10.80,1.00,0.90,7.90,20.30,2.00,1.30,3.20,0.09,0.00,-1.20,-1.20,0.40
Evan Turner,17131148.00,USA,2.00,29.00,POR,75.00,1910.00,9.90,0.52,0.22,0.20,1.70,11.50,6.60,12.40,1.00,1.10,13.50,15.70,0.60,1.80,2.40,0.06,-2.40,0.30,-2.10,0.00
Evan Fournier,17000000.00,France,20.00,25.00,ORL,57.00,1837.00,15.60,0.58,0.42,0.22,1.40,9.50,5.40,14.80,1.30,0.70,9.80,23.30,2.50,0.90,3.40,0.09,1.60,-2.10,-0.40,0.70
E'Twaun Moore,8445024.00,USA,55.00,28.00,NOP,78.00,2468.00,11.90,0.59,0.36,0.08,2.50,7.50,5.10,10.00,1.50,0.40,10.70,16.20,2.40,1.50,3.90,0.08,0.50,-0.80,-0.40,1.00
Ersan Ilyasova,6000000.00,Turkey,36.00,30.00,TOT,65.00,1627.00,14.50,0.56,0.41,0.22,7.60,17.50,12.60,7.60,1.70,1.20,9.70,18.40,1.90,1.70,3.60,0.11,0.00,-0.20,-0.20,0.70
Eric Moreland,1739333.00,USA,62.00,26.00,DET,63.00,715.00,13.00,0.51,0.00,0.26,11.00,27.40,19.00,13.50,1.70,5.70,25.90,9.30,0.40,1.40,1.90,0.13,-3.60,5.80,2.20,0.80
Eric Gordon,12943020.00,USA,7.00,29.00,HOU,68.00,2127.00,15.30,0.58,0.62,0.25,1.30,7.60,4.50,11.60,1.00,1.10,10.80,24.80,3.00,1.70,4.70,0.11,1.50,-2.50,-1.00,0.60
Eric Bledsoe,14500000.00,USA,18.00,28.00,TOT,70.00,2209.00,19.30,0.58,0.36,0.32,2.60,11.50,7.10,24.90,3.20,1.50,16.10,26.30,2.60,2.30,4.90,0.11,2.20,-0.40,1.80,2.10
Enes Kanter,20566802.00,Turkey,3.00,25.00,NYK,71.00,1830.00,24.00,0.63,0.00,0.26,16.60,30.60,23.70,9.50,1.00,1.80,13.30,21.80,5.50,2.10,7.60,0.20,2.50,0.10,2.60,2.10
Emmanuel Mudiay,3381480.00,Democratic Re...,7.00,21.00,TOT,63.00,1237.00,11.60,0.48,0.28,0.25,2.40,11.30,6.80,24.60,1.60,0.80,16.20,24.40,-0.70,0.70,0.00,0.00,-2.50,-2.20,-4.70,-0.80
Emeka Okafor,239204.00,USA,2.00,35.00,NOP,24.00,341.00,16.30,0.54,0.00,0.23,15.20,21.90,18.70,2.80,1.10,5.80,11.40,14.50,0.50,0.50,1.00,0.13,-2.80,1.20,-1.60,0.00
Elfrid Payton,3332340.00,USA,10.00,23.00,TOT,63.00,1808.00,16.60,0.54,0.14,0.25,3.80,12.80,8.30,34.90,2.20,1.00,18.50,21.80,1.40,1.40,2.90,0.08,0.10,0.00,0.10,1.00
Ekpe Udoh,3200000.00,USA,6.00,30.00,UTA,59.00,783.00,15.30,0.57,0.01,0.49,9.40,11.40,10.40,9.10,2.70,7.80,12.50,9.20,1.30,1.70,3.00,0.19,-1.20,6.80,5.60,1.50
Ed Davis,6352531.00,USA,13.00,28.00,POR,76.00,1439.00,15.80,0.61,0.00,0.39,13.90,28.60,21.30,4.00,1.10,2.90,15.80,12.20,2.60,2.40,5.00,0.17,-1.60,1.70,0.10,0.80
Dwyane Wade,15550000.00,USA,5.00,36.00,TOT,64.00,1476.00,15.50,0.51,0.16,0.28,3.80,14.70,9.30,23.70,1.90,2.60,15.50,26.10,-0.20,1.50,1.40,0.05,-2.10,0.50,-1.70,0.10
Dwight Powell,9003125.00,Canada,45.00,26.00,DAL,76.00,1587.00,18.70,0.66,0.17,0.43,8.90,21.10,14.80,8.10,2.00,1.70,10.60,15.40,4.40,2.00,6.40,0.19,1.10,1.60,2.70,1.90
Dwight Howard,23500000.00,USA,1.00,32.00,CHO,78.00,2384.00,20.50,0.58,0.01,0.64,10.90,33.40,21.90,7.10,1.00,4.50,15.20,24.30,2.80,3.70,6.40,0.13,-2.00,1.70,-0.30,1.00
Dwight Buycks,748160.00,USA,62.00,28.00,DET,29.00,427.00,12.80,0.50,0.23,0.21,3.00,7.70,5.30,22.40,2.20,0.40,15.30,26.40,-0.20,0.40,0.30,0.03,-2.50,-1.70,-4.20,-0.20
Dwayne Bacon,815615.00,USA,40.00,22.00,CHO,53.00,713.00,5.80,0.43,0.22,0.13,0.60,18.60,9.40,7.60,1.10,0.20,10.20,13.70,-0.70,0.60,-0.10,-0.01,-5.50,-0.40,-5.80,-0.70
Draymond Green,16400000.00,USA,35.00,27.00,GSW,66.00,2171.00,16.40,0.56,0.41,0.28,4.10,21.10,13.20,29.10,2.00,3.20,21.80,17.10,2.80,3.40,6.20,0.14,0.60,2.90,3.50,3.00
Dragan Bender,4468800.00,Croatia,4.00,20.00,PHO,79.00,1957.00,6.60,0.51,0.67,0.11,1.90,16.20,8.90,9.00,0.50,2.10,18.30,12.60,-0.90,0.70,-0.20,-0.01,-3.00,0.00,-3.00,-0.50
Doug McDermott,3294994.00,USA,11.00,26.00,TOT,79.00,1724.00,10.50,0.58,0.42,0.16,2.60,10.20,6.30,6.60,0.50,0.80,9.40,15.00,1.70,0.60,2.30,0.06,-0.70,-1.70,-2.40,-0.20
Dorian Finney-Smith,1312611.00,USA,62.00,24.00,DAL,18.00,344.00,6.30,0.47,0.60,0.16,5.00,13.00,8.90,7.00,1.00,1.00,15.10,14.00,-0.20,0.20,0.00,0.01,-3.50,-0.20,-3.70,-0.10
Donovan Mitchell,2621280.00,USA,13.00,21.00,UTA,75.00,2512.00,16.50,0.54,0.41,0.21,2.20,10.10,6.20,19.20,2.20,0.90,12.70,29.00,1.20,3.50,4.70,0.09,1.20,-0.30,0.80,1.80
Domantas Sabonis,2550000.00,Lithuania,11.00,21.00,IND,70.00,1711.00,17.30,0.57,0.05,0.35,10.50,25.30,18.00,12.60,1.00,1.50,15.70,21.70,2.40,2.10,4.50,0.13,-0.80,0.40,-0.40,0.70
Dirk Nowitzki,5000000.00,Germany,9.00,39.00,DAL,77.00,1900.00,16.70,0.58,0.45,0.14,1.30,25.10,12.80,10.40,1.10,2.10,6.00,20.50,2.60,2.20,4.90,0.12,0.10,0.30,0.40,1.20
Dion Waiters,11000000.00,USA,4.00,26.00,MIA,30.00,918.00,10.50,0.49,0.42,0.17,1.00,8.50,4.70,19.80,1.30,0.80,13.70,25.00,-0.70,0.90,0.10,0.01,-2.10,-1.90,-4.00,-0.50
Dillon Brooks,815615.00,Canada,45.00,22.00,MEM,78.00,2220.00,9.10,0.53,0.34,0.19,2.30,10.10,6.10,8.40,1.50,0.70,12.80,17.90,-0.30,1.10,0.90,0.02,-2.20,-1.30,-3.40,-0.80
Deyonta Davis,1312611.00,USA,31.00,21.00,MEM,58.00,841.00,16.70,0.62,0.00,0.23,9.00,21.70,15.20,7.30,0.80,3.90,10.10,15.40,1.70,0.80,2.50,0.14,-1.30,0.50,-0.80,0.30
Dewayne Dedmon,6000000.00,USA,62.00,28.00,ATL,59.00,1458.00,15.70,0.60,0.30,0.17,7.40,28.10,17.80,9.20,1.30,2.70,14.80,17.10,1.60,1.70,3.30,0.11,-1.10,1.50,0.40,0.90
Devin Harris,4402546.00,USA,5.00,34.00,TOT,67.00,1272.00,12.80,0.56,0.49,0.38,1.00,9.80,5.30,16.70,1.80,0.80,13.00,20.10,1.40,0.90,2.30,0.09,-0.30,-1.60,-1.80,0.00
Devin Booker,2319360.00,USA,13.00,21.00,PHO,54.00,1865.00,18.10,0.56,0.36,0.31,1.50,12.70,7.00,24.50,1.20,0.60,13.90,31.60,1.90,0.50,2.40,0.06,2.90,-2.40,0.50,1.20
Derrick Williams,104059.00,USA,2.00,26.00,LAL,2.00,9.00,-3.20,0.25,0.50,0.00,0.00,11.80,5.90,0.00,0.00,0.00,0.00,18.90,0.00,0.00,0.00,-0.19,-11.50,-6.70,-18.20,0.00
Derrick White,1404600.00,USA,29.00,23.00,SAS,17.00,139.00,15.90,0.65,0.39,0.61,4.00,16.90,10.40,9.30,1.50,1.80,12.60,15.40,0.30,0.20,0.50,0.17,0.00,0.50,0.50,0.10
Derrick Rose,2116955.00,USA,1.00,29.00,TOT,21.00,366.00,12.30,0.52,0.16,0.27,4.00,6.00,5.10,14.60,0.70,0.90,14.80,26.20,-0.10,0.00,-0.10,-0.01,-3.50,-4.00,-7.40,-0.50
Derrick Jones,1312611.00,USA,62.00,20.00,TOT,19.00,245.00,10.30,0.49,0.35,0.46,9.60,7.80,8.70,5.10,0.80,4.40,10.10,12.70,0.20,0.30,0.40,0.08,-2.50,0.80,-1.70,0.00
Derrick Favors,12000000.00,USA,3.00,26.00,UTA,73.00,2044.00,18.80,0.59,0.08,0.32,10.60,18.40,14.50,8.00,1.30,3.20,10.30,18.50,4.30,3.20,7.50,0.18,0.40,2.10,2.50,2.40
Denzel Valentine,2186400.00,USA,14.00,24.00,CHI,77.00,2095.00,12.10,0.53,0.51,0.07,2.40,18.30,10.00,17.80,1.50,0.50,11.80,17.50,1.00,1.60,2.60,0.06,-0.40,0.00,-0.50,0.80
Dennis Smith,3218280.00,USA,9.00,20.00,DAL,67.00,1978.00,12.80,0.48,0.33,0.19,2.60,11.80,7.10,29.00,1.70,0.70,15.00,29.10,-2.30,1.70,-0.70,-0.02,-1.50,-0.70,-2.20,-0.10
Dennis Schroder,15500000.00,Germany,17.00,24.00,ATL,67.00,2078.00,17.30,0.52,0.23,0.23,2.40,8.80,5.60,36.40,1.70,0.20,12.70,30.40,1.60,1.00,2.60,0.06,1.50,-2.20,-0.70,0.70
Demetrius Jackson,92858.00,USA,45.00,23.00,PHI,3.00,17.00,24.60,0.82,0.25,0.50,6.60,0.00,3.20,35.50,2.80,0.00,17.00,14.80,0.10,0.00,0.10,0.30,5.00,-4.00,1.00,0.00
DeMarre Carroll,14800000.00,USA,27.00,31.00,BRK,73.00,2180.00,14.30,0.55,0.50,0.31,5.00,18.40,11.70,10.60,1.30,1.00,10.30,19.80,2.30,1.80,4.10,0.09,0.50,-0.20,0.20,1.20
DeMarcus Cousins,18063850.00,USA,5.00,27.00,NOP,48.00,1737.00,22.70,0.58,0.34,0.46,6.80,31.00,19.30,23.20,2.20,3.50,18.90,31.90,1.50,3.20,4.70,0.13,2.00,3.60,5.60,3.30
DeMar DeRozan,27739975.00,USA,9.00,28.00,TOR,77.00,2616.00,21.30,0.56,0.20,0.40,2.40,10.40,6.50,24.80,1.60,0.60,9.50,29.70,6.80,2.60,9.50,0.17,2.90,-0.90,2.00,2.60
Delon Wright,1645200.00,USA,20.00,25.00,TOR,65.00,1339.00,16.80,0.58,0.34,0.26,3.80,11.50,7.70,19.80,2.50,2.00,14.20,17.20,2.40,1.90,4.30,0.15,1.30,1.60,2.90,1.60
Dejounte Murray,1312611.00,USA,29.00,21.00,SAS,78.00,1669.00,14.90,0.48,0.06,0.23,7.00,22.60,14.70,20.50,2.80,1.40,16.90,20.70,-0.30,3.30,3.00,0.09,-2.30,3.50,1.10,1.30
DeAndre Liggins,1577230.00,USA,53.00,29.00,TOT,55.00,711.00,6.20,0.49,0.52,0.05,1.20,10.80,6.10,8.10,2.60,1.70,16.10,7.80,-0.10,0.70,0.60,0.04,-3.20,1.20,-2.00,0.00
DeAndre Jordan,22642350.00,USA,35.00,29.00,LAC,73.00,2321.00,20.20,0.65,0.00,0.54,15.00,37.60,26.50,7.10,0.80,2.50,16.30,15.20,5.80,3.50,9.20,0.19,0.50,1.80,2.30,2.50
DeAndre' Bembry,1567200.00,USA,21.00,23.00,ATL,23.00,395.00,6.20,0.47,0.24,0.25,2.30,15.80,9.10,14.10,1.90,2.20,25.80,18.00,-0.90,0.40,-0.50,-0.06,-6.60,1.10,-5.50,-0.30
De'Aaron Fox,4609200.00,USA,5.00,20.00,SAC,70.00,1928.00,11.20,0.48,0.19,0.24,1.60,9.70,5.50,24.50,1.80,1.00,16.10,23.20,-1.50,0.90,-0.60,-0.02,-2.80,-1.60,-4.40,-1.20
Davon Reed,815615.00,USA,32.00,22.00,PHO,18.00,195.00,5.20,0.39,0.49,0.17,1.10,16.80,8.80,6.50,2.50,0.80,9.90,15.30,-0.30,0.10,-0.20,-0.05,-5.60,-0.50,-6.10,-0.20
Davis Bertans,1312611.00,Latvia,42.00,25.00,SAS,74.00,1067.00,14.20,0.59,0.69,0.14,1.90,13.90,7.80,10.40,1.20,2.20,8.40,17.40,1.60,1.50,3.10,0.14,1.30,-0.20,1.10,0.80
David West,2328652.00,USA,18.00,37.00,GSW,69.00,947.00,21.40,0.61,0.02,0.21,7.70,18.50,13.50,20.40,2.30,6.00,16.40,22.00,1.70,1.70,3.50,0.18,0.00,3.40,3.40,1.30
David Stockton,148318.00,USA,62.00,26.00,UTA,2.00,6.00,31.40,0.93,1.00,2.00,0.00,0.00,0.00,0.00,0.00,0.00,21.00,35.80,0.10,0.00,0.10,0.46,11.90,-9.40,2.50,0.00
David Nwaba,1312611.00,USA,62.00,25.00,CHI,66.00,1529.00,12.80,0.56,0.12,0.53,5.40,16.20,10.60,9.40,1.80,1.70,13.10,15.00,1.40,1.40,2.80,0.09,-2.20,1.20,-1.00,0.40
Darren Collison,10000000.00,USA,21.00,30.00,IND,65.00,1929.00,18.90,0.61,0.33,0.24,2.10,7.60,4.90,26.30,2.30,0.70,11.20,17.40,5.60,1.80,7.30,0.18,3.20,-1.00,2.20,2.00
Darrell Arthur,7464912.00,USA,27.00,29.00,DEN,19.00,141.00,8.40,0.56,0.49,0.06,2.40,9.60,6.00,9.30,2.80,1.80,23.70,19.50,-0.20,0.10,0.00,-0.01,-3.50,-1.10,-4.60,-0.10
Darius Miller,2100000.00,USA,46.00,27.00,NOP,78.00,1847.00,9.40,0.62,0.75,0.13,1.00,7.90,4.60,7.70,0.60,0.70,10.10,12.80,2.10,0.80,2.90,0.08,0.60,-1.70,-1.10,0.40
Dario Saric,2422560.00,Croatia,12.00,23.00,PHI,74.00,2229.00,16.10,0.59,0.45,0.24,7.50,16.70,12.30,13.00,1.10,0.70,13.40,20.90,3.70,2.80,6.50,0.14,1.70,-0.10,1.60,2.00
Dante Exum,4992385.00,Australia,5.00,22.00,UTA,10.00,148.00,21.90,0.63,0.20,0.36,1.60,11.40,6.50,32.90,2.00,0.60,15.00,24.40,0.40,0.20,0.60,0.21,2.20,-1.10,1.10,0.10
Dante Cunningham,2300000.00,USA,33.00,30.00,TOT,70.00,1499.00,9.70,0.54,0.47,0.15,5.10,14.50,9.90,4.10,1.20,1.40,8.10,11.50,1.00,1.20,2.20,0.07,-1.50,-0.10,-1.60,0.20
Danny Green,10000000.00,USA,46.00,30.00,SAS,67.00,1742.00,11.50,0.51,0.57,0.11,2.60,12.90,7.70,9.00,1.70,3.80,11.00,16.50,0.10,2.80,3.00,0.08,-1.00,2.30,1.30,1.50
Danilo Gallinari,20559599.00,Italy,6.00,29.00,LAC,21.00,671.00,13.90,0.55,0.43,0.34,1.50,14.80,8.30,8.90,0.90,1.20,8.10,20.60,0.80,0.40,1.30,0.09,0.00,-1.30,-1.30,0.10
Daniel Theis,815615.00,Germany,62.00,25.00,BOS,63.00,936.00,16.20,0.62,0.25,0.35,10.70,21.20,16.10,9.10,1.60,4.30,17.20,15.50,1.60,1.90,3.50,0.18,-0.80,3.50,2.70,1.10
D'Angelo Russell,5562360.00,USA,2.00,21.00,BRK,44.00,1124.00,15.50,0.51,0.40,0.21,2.70,14.20,8.40,35.60,1.40,1.10,16.20,30.70,-0.40,0.80,0.40,0.02,0.80,-1.00,-0.20,0.50
Damyean Dotson,1100000.00,USA,44.00,23.00,NYK,40.00,356.00,8.90,0.49,0.41,0.13,2.20,15.20,8.70,9.20,1.00,0.20,9.70,16.50,0.00,0.20,0.20,0.02,-2.70,-2.10,-4.90,-0.30
Damion Lee,92160.00,USA,62.00,25.00,ATL,12.00,321.00,12.90,0.50,0.39,0.21,3.10,15.70,9.40,11.70,2.60,0.30,7.80,19.20,0.10,0.30,0.40,0.06,-1.40,-0.20,-1.50,0.00
Damien Wilkins,2116955.00,USA,62.00,38.00,IND,19.00,152.00,4.90,0.41,0.46,0.10,3.80,8.10,6.00,7.80,0.70,0.60,10.90,13.40,-0.10,0.10,-0.10,-0.02,-4.30,-2.10,-6.40,-0.20
Damian Lillard,26153057.00,USA,6.00,27.00,POR,70.00,2558.00,25.10,0.59,0.44,0.38,2.60,10.90,6.80,30.90,1.50,0.90,11.10,30.40,9.50,2.60,12.10,0.23,7.60,-0.80,6.80,5.70
Damian Jones,1312611.00,USA,30.00,22.00,GSW,11.00,54.00,10.70,0.77,0.00,0.40,9.00,11.60,10.40,0.00,0.00,2.90,20.30,12.00,0.10,0.00,0.10,0.10,-2.60,-3.80,-6.40,-0.10
Dakari Johnson,815615.00,USA,48.00,22.00,OKC,29.00,159.00,16.60,0.58,0.00,0.51,10.80,13.00,11.80,7.30,1.90,4.60,5.90,13.70,0.40,0.20,0.60,0.18,-0.90,1.30,0.50,0.10
D.J. Wilson,2135040.00,USA,17.00,21.00,MIL,21.00,69.00,9.10,0.64,0.36,0.14,1.70,13.60,7.70,6.20,1.40,1.20,21.20,12.40,0.00,0.00,0.10,0.04,-3.50,-1.70,-5.20,-0.10
D.J. Augustin,7250000.00,USA,9.00,30.00,ORL,71.00,1679.00,15.40,0.61,0.51,0.36,1.90,8.30,5.10,24.10,1.50,0.00,16.10,18.40,3.20,0.80,4.00,0.12,1.60,-2.40,-0.80,0.50
Cristiano Felicio,7843500.00,Brazil,62.00,25.00,CHI,51.00,856.00,12.30,0.62,0.01,0.35,8.80,16.70,12.60,8.60,0.60,1.10,17.50,13.40,1.10,0.50,1.60,0.09,-2.30,-0.20,-2.50,-0.10
Courtney Lee,11747890.00,USA,22.00,32.00,NYK,73.00,2226.00,12.90,0.56,0.37,0.17,1.40,9.10,5.30,11.40,1.80,0.60,9.60,16.90,2.50,1.20,3.70,0.08,0.70,-0.70,0.00,1.10
Cory Joseph,7630000.00,Canada,29.00,26.00,IND,78.00,2108.00,11.20,0.51,0.32,0.16,2.10,11.60,6.90,15.90,1.80,0.70,11.20,14.60,1.30,1.90,3.30,0.07,-1.10,0.10,-1.00,0.60
Corey Brewer,7579366.00,USA,7.00,31.00,TOT,69.00,1121.00,11.10,0.54,0.33,0.30,3.70,10.30,7.00,7.70,3.20,1.10,12.80,14.30,0.60,1.50,2.10,0.09,-1.80,1.00,-0.80,0.30
Cole Aldrich,7300000.00,USA,11.00,29.00,MIN,19.00,46.00,5.20,0.34,0.00,0.40,7.50,25.40,16.40,5.90,2.20,1.90,5.40,17.90,-0.10,0.10,0.00,-0.03,-7.40,-0.60,-8.00,-0.10
Cody Zeller,12584270.00,USA,4.00,25.00,CHO,33.00,627.00,16.00,0.60,0.02,0.55,11.30,19.40,15.30,7.40,1.10,2.80,14.60,15.70,1.20,0.70,1.90,0.14,-0.70,1.20,0.50,0.40
Clint Capela,2334520.00,Switzerland,25.00,23.00,HOU,71.00,1955.00,24.60,0.65,0.00,0.38,13.50,31.00,22.30,5.80,1.40,5.80,11.60,19.50,6.00,3.90,9.90,0.24,0.10,2.90,3.00,2.50
Chris Paul,24599495.00,USA,4.00,32.00,HOU,55.00,1753.00,24.30,0.60,0.48,0.29,2.30,17.00,9.70,40.70,2.60,0.70,12.70,24.30,7.00,2.60,9.60,0.26,6.00,1.00,7.00,4.00
Chris McCullough,1471382.00,USA,29.00,22.00,WAS,19.00,90.00,15.80,0.48,0.19,0.33,8.90,22.60,15.70,7.10,0.00,4.80,4.00,24.60,0.10,0.10,0.20,0.08,-3.80,-1.90,-5.70,-0.10
Cheick Diallo,1312611.00,Mali,33.00,21.00,NOP,48.00,538.00,17.40,0.62,0.00,0.37,8.80,29.70,19.60,4.80,0.90,2.80,11.00,17.60,1.10,0.70,1.80,0.16,-2.60,-0.50,-3.10,-0.20
Channing Frye,7420912.00,USA,8.00,34.00,TOT,50.00,643.00,14.20,0.63,0.54,0.08,1.90,19.80,11.00,7.50,1.30,1.80,7.80,14.90,1.00,0.50,1.60,0.12,-0.10,-0.90,-1.00,0.20
Chandler Parsons,23112004.00,USA,38.00,29.00,MEM,36.00,691.00,13.70,0.58,0.52,0.12,2.30,13.10,7.50,16.50,1.30,1.50,12.50,18.30,0.70,0.40,1.10,0.08,0.30,-1.50,-1.20,0.10
Cedi Osman,2642857.00,Turkey,62.00,22.00,CLE,57.00,584.00,10.90,0.61,0.44,0.23,2.70,17.00,10.00,6.80,1.60,0.40,14.20,15.00,0.40,0.40,0.80,0.07,-1.60,-1.50,-3.10,-0.20
Carmelo Anthony,26243760.00,USA,3.00,33.00,OKC,75.00,2413.00,12.70,0.50,0.40,0.16,2.90,17.80,10.10,6.40,0.90,1.80,7.40,23.30,1.10,2.40,3.50,0.07,-2.00,-2.00,-3.90,-1.20
Caris LeVert,1632480.00,USA,20.00,23.00,BRK,68.00,1781.00,14.20,0.52,0.34,0.26,3.10,12.10,7.60,26.00,2.00,0.90,15.60,22.60,0.70,1.40,2.10,0.06,-0.30,-0.30,-0.50,0.70
Cameron Payne,2203440.00,USA,14.00,23.00,CHI,21.00,476.00,14.00,0.49,0.43,0.08,3.30,9.50,6.30,28.90,2.20,1.70,13.30,19.30,0.30,0.40,0.60,0.07,-0.20,-0.60,-0.80,0.10
Caleb Swanigan,1465920.00,USA,26.00,20.00,POR,24.00,165.00,7.10,0.41,0.15,0.24,10.10,20.30,15.20,12.20,1.50,1.50,19.00,19.60,-0.30,0.20,0.00,-0.01,-5.70,0.90,-4.80,-0.10
C.J. Miles,7936509.00,USA,34.00,30.00,TOR,66.00,1251.00,13.20,0.55,0.76,0.15,1.60,10.90,6.30,5.70,1.40,1.20,5.70,22.10,1.40,1.30,2.80,0.11,1.90,-2.40,-0.50,0.50
C.J. McCollum,23962573.00,USA,10.00,26.00,POR,77.00,2780.00,17.40,0.54,0.32,0.17,1.90,9.90,5.90,16.00,1.30,1.00,8.50,26.40,4.00,2.70,6.70,0.12,1.70,-1.10,0.60,1.90
Buddy Hield,3675480.00,Bahamas,6.00,24.00,SAC,77.00,1930.00,16.00,0.56,0.44,0.09,2.80,15.10,8.70,12.30,2.00,1.00,11.20,24.30,1.20,1.30,2.60,0.06,1.10,-1.60,-0.50,0.70
Bryn Forbes,1312611.00,USA,62.00,24.00,SAS,77.00,1462.00,9.10,0.52,0.46,0.14,0.80,7.30,4.10,8.10,0.90,0.10,6.80,16.70,0.70,1.30,2.00,0.07,-1.30,-1.80,-3.10,-0.40
Bruno Caboclo,2451225.00,Brazil,20.00,22.00,TOT,11.00,99.00,8.50,0.40,0.57,0.20,7.70,15.60,11.50,6.90,1.50,3.80,10.90,16.60,-0.10,0.10,0.00,-0.01,-4.10,-0.20,-4.30,-0.10
Brook Lopez,22642350.00,USA,10.00,29.00,LAL,70.00,1657.00,16.60,0.56,0.41,0.20,4.70,13.10,8.90,11.70,0.90,4.70,10.30,23.50,1.80,1.90,3.70,0.11,0.40,0.20,0.60,1.10
Brice Johnson,1331160.00,USA,25.00,23.00,TOT,18.00,98.00,18.20,0.49,0.02,0.12,10.40,25.40,17.90,3.40,4.50,5.50,10.20,22.30,0.00,0.20,0.20,0.09,-4.90,2.20,-2.70,0.00
Briante Weber,83129.00,USA,62.00,25.00,TOT,18.00,237.00,10.10,0.53,0.26,0.23,3.80,13.10,8.40,13.10,3.80,1.90,24.00,11.70,0.00,0.40,0.40,0.07,-3.30,2.90,-0.40,0.10
Brandon Paul,815615.00,USA,62.00,26.00,SAS,61.00,558.00,7.20,0.49,0.43,0.34,1.20,12.20,6.70,9.20,2.30,1.00,16.80,13.40,-0.30,0.80,0.50,0.04,-3.80,1.10,-2.70,-0.10
Brandon Jennings,238020.00,USA,10.00,28.00,MIL,11.00,156.00,14.00,0.51,0.52,0.18,2.30,13.50,7.90,30.30,1.60,2.20,18.20,19.20,0.10,0.10,0.20,0.07,-1.10,-1.80,-2.90,0.00
Brandon Ingram,5519400.00,USA,2.00,20.00,LAL,59.00,1975.00,13.90,0.54,0.14,0.37,3.10,13.80,8.50,17.60,1.10,1.80,14.40,22.20,1.00,1.80,2.80,0.07,-1.60,0.30,-1.30,0.30
Brandan Wright,5179760.00,USA,8.00,30.00,TOT,28.00,381.00,19.00,0.60,0.00,0.32,9.80,19.30,14.40,5.60,1.70,6.40,6.40,14.70,0.80,0.50,1.30,0.17,-1.30,2.30,1.00,0.30
Bradley Beal,23775506.00,USA,3.00,24.00,WAS,78.00,2819.00,18.70,0.57,0.36,0.25,2.30,11.40,6.90,21.20,1.70,1.10,11.60,27.80,4.30,2.40,6.70,0.11,2.80,-1.00,1.90,2.70
Bojan Bogdanovic,10500000.00,Croatia,31.00,28.00,IND,77.00,2386.00,13.80,0.60,0.45,0.24,1.40,10.90,6.20,7.10,1.10,0.30,10.20,18.90,3.60,1.60,5.10,0.10,1.10,-1.90,-0.80,0.70
Bogdan Bogdanovic,9470614.00,Serbia,27.00,25.00,SAC,75.00,2089.00,13.80,0.56,0.43,0.16,1.50,10.70,5.90,18.30,1.70,0.70,13.10,19.60,2.00,0.90,2.90,0.07,0.70,-1.60,-0.90,0.60
Bobby Portis,1516320.00,USA,22.00,22.00,CHI,69.00,1553.00,20.00,0.55,0.28,0.20,10.30,22.30,16.10,13.60,1.50,1.10,9.90,26.00,2.20,1.40,3.60,0.11,1.40,-0.70,0.70,1.10
Bobby Brown,1524305.00,USA,62.00,33.00,HOU,20.00,115.00,5.40,0.43,0.69,0.03,0.00,6.80,3.40,14.90,1.70,0.00,13.30,26.00,-0.30,0.10,-0.20,-0.08,-5.00,-4.30,-9.30,-0.20
Boban Marjanovic,7000000.00,Serbia,62.00,29.00,TOT,35.00,286.00,25.10,0.61,0.00,0.62,13.90,29.80,21.70,12.50,1.50,3.30,16.00,28.80,0.80,0.50,1.20,0.21,-0.50,0.60,0.10,0.20
Blake Griffin,29512900.00,USA,1.00,28.00,TOT,58.00,1970.00,19.60,0.54,0.32,0.33,4.10,19.80,11.90,28.10,1.00,0.80,12.60,28.90,3.20,1.90,5.00,0.12,2.80,0.00,2.80,2.40
Bismack Biyombo,17000000.00,Democratic Re...,7.00,25.00,ORL,78.00,1428.00,13.90,0.56,0.00,0.46,10.70,23.90,17.30,6.40,0.70,5.00,17.40,14.50,1.10,1.70,2.80,0.09,-3.70,2.10,-1.50,0.20
Ben Simmons,6168840.00,Australia,1.00,21.00,PHI,77.00,2614.00,19.80,0.56,0.01,0.34,5.90,19.30,12.80,37.40,2.40,2.10,19.30,22.20,4.00,4.70,8.70,0.16,0.90,3.50,4.40,4.20
Ben McLemore,5200000.00,USA,7.00,24.00,MEM,52.00,968.00,9.20,0.52,0.42,0.17,3.60,11.40,7.40,7.50,1.90,1.40,14.00,19.50,-0.40,0.70,0.30,0.01,-2.60,-1.30,-3.90,-0.50
Bam Adebayo,2490360.00,USA,14.00,20.00,MIA,66.00,1324.00,15.60,0.56,0.02,0.53,9.70,21.70,15.70,11.20,1.20,2.60,13.60,15.90,2.10,1.90,4.10,0.15,-1.70,2.00,0.30,0.80
Avery Bradley,8808989.00,USA,19.00,27.00,TOT,46.00,1433.00,9.70,0.50,0.33,0.13,1.70,7.30,4.50,10.40,1.80,0.50,13.30,23.50,-1.40,1.30,-0.10,-0.01,-2.80,-1.30,-4.10,-0.80
Austin Rivers,11825000.00,USA,10.00,25.00,LAC,58.00,1965.00,12.90,0.53,0.45,0.19,1.50,6.30,4.00,17.10,1.80,0.70,10.80,20.70,1.50,1.10,2.60,0.06,1.00,-1.40,-0.40,0.80
Arron Afflalo,2328652.00,USA,27.00,32.00,ORL,51.00,657.00,5.50,0.51,0.43,0.17,0.70,10.50,5.50,6.20,0.30,1.10,11.30,12.40,-0.10,0.20,0.10,0.01,-4.30,-1.70,-6.00,-0.70
Aron Baynes,4328000.00,Australia,62.00,31.00,BOS,77.00,1402.00,11.70,0.51,0.04,0.19,9.10,22.30,15.80,9.40,0.70,2.80,14.60,16.40,0.40,2.40,2.80,0.10,-4.00,2.20,-1.80,0.10
Antonius Cleveland,92160.00,USA,62.00,23.00,TOT,14.00,93.00,5.40,0.40,0.13,0.38,2.30,12.20,7.20,2.90,3.20,4.80,17.70,11.00,-0.20,0.10,0.00,0.00,-7.50,3.80,-3.70,0.00
Anthony Tolliver,3290000.00,USA,62.00,32.00,DET,75.00,1624.00,13.50,0.65,0.78,0.28,3.10,12.60,7.70,7.50,0.90,1.10,9.80,14.70,3.40,1.50,4.80,0.14,2.00,-0.70,1.20,1.30
Anthony Davis,23775506.00,USA,1.00,24.00,NOP,71.00,2582.00,28.90,0.62,0.11,0.41,7.80,24.90,16.60,10.80,2.00,5.50,8.70,29.80,8.50,4.50,13.00,0.24,3.00,2.30,5.30,4.70
Ante Zizic,1645200.00,Croatia,23.00,21.00,CLE,30.00,186.00,23.20,0.74,0.00,0.35,13.50,18.40,16.00,4.40,0.30,6.00,13.20,18.10,0.70,0.20,0.80,0.22,1.00,-0.60,0.40,0.10
Andrew Wiggins,7574322.00,Canada,1.00,22.00,MIN,78.00,2832.00,13.20,0.51,0.26,0.24,3.00,10.70,6.80,8.00,1.50,1.50,8.90,23.60,0.50,1.40,1.90,0.03,-1.00,-1.50,-2.60,-0.40
Andrew Harrison,1312611.00,USA,44.00,23.00,MEM,56.00,1326.00,12.70,0.53,0.33,0.37,2.00,9.70,5.70,21.40,1.50,1.80,14.00,19.70,1.00,0.80,1.80,0.06,-0.90,-1.40,-2.30,-0.10
Andrew Bogut,2328652.00,Australia,1.00,33.00,LAL,23.00,216.00,10.90,0.70,0.00,0.08,12.90,25.50,19.30,9.10,0.90,4.90,42.30,8.80,0.10,0.30,0.40,0.09,-3.60,3.60,0.00,0.10
Andre Roberson,9259259.00,USA,26.00,26.00,OKC,39.00,1037.00,10.90,0.54,0.22,0.24,7.70,12.20,9.90,6.00,2.20,3.10,14.40,8.60,0.80,1.30,2.10,0.10,-1.40,2.80,1.40,0.90
Andre Iguodala,14814815.00,USA,9.00,34.00,GSW,63.00,1601.00,11.30,0.54,0.36,0.28,3.80,12.50,8.50,16.00,1.60,1.90,16.00,11.50,1.60,1.70,3.30,0.10,-0.70,1.00,0.40,1.00
Andre Drummond,23775506.00,USA,9.00,24.00,DET,76.00,2541.00,23.00,0.56,0.01,0.45,16.50,36.60,26.30,14.30,2.20,4.30,16.00,21.20,4.40,5.60,10.10,0.19,0.20,5.30,5.50,4.80
Amir Johnson,11000000.00,USA,56.00,30.00,PHI,70.00,1094.00,14.20,0.56,0.12,0.35,11.70,18.30,15.10,13.30,1.90,3.30,16.60,12.70,1.70,1.90,3.60,0.16,-0.60,3.30,2.70,1.30
Allen Crabbe,19332500.00,USA,31.00,25.00,BRK,71.00,2085.00,11.10,0.54,0.63,0.16,1.30,14.30,7.70,7.90,1.00,1.10,8.40,18.60,1.00,1.30,2.20,0.05,-0.30,-1.20,-1.50,0.30
Alfonzo McKinnie,815615.00,USA,62.00,25.00,TOR,13.00,49.00,9.20,0.66,0.62,0.23,0.00,13.50,6.90,2.90,1.00,1.60,17.30,15.50,0.00,0.10,0.10,0.08,-1.80,-1.50,-3.30,0.00
Al-Farouq Aminu,7319035.00,USA,8.00,27.00,POR,65.00,1950.00,12.40,0.53,0.59,0.14,5.10,22.30,13.80,5.80,1.90,1.50,10.70,14.90,1.20,3.00,4.20,0.10,-0.50,1.70,1.20,1.60
Alex Poythress,778668.00,USA,62.00,24.00,IND,24.00,101.00,8.50,0.52,0.44,0.00,7.90,11.10,9.50,2.70,1.50,0.90,7.40,11.90,0.10,0.10,0.20,0.08,-1.80,-1.60,-3.50,0.00
Alex Len,4187599.00,Ukraine,5.00,24.00,PHO,66.00,1324.00,19.40,0.62,0.00,0.64,13.40,27.20,20.10,8.50,1.00,3.70,14.20,16.60,3.00,1.20,4.30,0.16,-0.50,1.30,0.80,0.90
Alex Abrines,5725000.00,Spain,32.00,24.00,OKC,73.00,1095.00,9.10,0.57,0.76,0.15,2.30,8.80,5.50,3.40,1.60,0.70,7.70,12.70,1.30,0.90,2.20,0.10,-0.60,-1.80,-2.30,-0.10
Alec Burks,10845506.00,USA,12.00,26.00,UTA,62.00,1030.00,13.10,0.53,0.34,0.31,2.00,18.40,10.30,9.80,1.80,0.70,11.30,22.40,0.20,1.50,1.70,0.08,-2.70,-0.30,-3.00,-0.30
Alan Williams,6000000.00,USA,62.00,25.00,PHO,5.00,70.00,9.30,0.46,0.00,0.50,4.50,29.60,16.80,16.40,3.40,1.20,24.20,17.50,-0.10,0.10,0.00,0.00,-6.50,2.70,-3.70,0.00
Al Jefferson,9769821.00,USA,15.00,33.00,IND,34.00,462.00,19.90,0.56,0.01,0.16,7.40,25.30,16.40,10.10,1.70,4.40,8.70,22.20,0.70,0.80,1.50,0.15,-1.80,1.40,-0.50,0.20
Al Horford,27734405.00,Dominican Rep...,3.00,31.00,BOS,70.00,2219.00,17.50,0.58,0.30,0.15,4.80,20.10,12.60,23.90,0.90,2.90,14.30,18.40,3.80,3.80,7.60,0.16,1.10,3.00,4.10,3.40
Abdel Nader,1167333.00,Egypt,58.00,24.00,BOS,44.00,463.00,5.70,0.46,0.48,0.27,2.40,12.10,7.30,7.20,1.40,1.60,17.10,16.90,-0.60,0.70,0.00,0.00,-5.30,0.30,-5.00,-0.30
Aaron Harrison,83129.00,USA,62.00,23.00,DAL,7.00,164.00,6.60,0.41,0.64,0.24,1.30,12.60,6.80,8.60,2.10,1.10,3.90,14.40,-0.10,0.20,0.10,0.02,-3.20,0.30,-2.90,0.00
Aaron Gordon,5504420.00,USA,4.00,22.00,ORL,55.00,1838.00,16.60,0.53,0.39,0.26,5.20,21.80,13.40,11.70,1.40,1.90,9.70,24.50,1.10,1.90,3.00,0.08,0.10,-0.10,0.10,1.00
Aaron Brooks,2116955.00,USA,26.00,33.00,MIN,31.00,188.00,10.10,0.51,0.45,0.16,4.30,6.20,5.20,15.20,1.60,0.00,11.90,19.70,0.10,0.10,0.20,0.04,-0.50,-3.70,-4.10,-0.10